83000,Colonia Hermosillo Centro,Urbano
83010,Colonia 5 de Mayo,Urbano
83010,Colonia Country Club,Urbano
83010,Colonia Lomas Pitic,Urbano
83010,Colonia Mediterr�neo Residencial,Urbano
83010,Fraccionamiento Cerrada el Encanto,Urbano
83010,Colonia Los Igualados,Urbano
83010,Fraccionamiento Los Altos Residencial,Urbano
83010,Fraccionamiento Country Club Residencial,Urbano
83013,Colonia PEMEX,Urbano
83013,Colonia Ferrocarrilera,Urbano
83015,Colonia Rinconada de Nuevo Le�n,Urbano
83016,Colonia Cruz G�lvez,Urbano
83020,Colonia Amapolas,Urbano
83029,Colonia Metalera,Urbano
83030,Colonia Ca�ada de los Negros,Urbano
83040,Colonia Coloso,Urbano
83040,Colonia El Mariachi,Urbano
83050,Colonia El Ranchito,Urbano
83050,Colonia Rinconada de La Cruz,Urbano
83050,Colonia Bella Vista,Urbano
83060,Colonia Los Naranjos,Urbano
83067,Colonia Universidad,Urbano
83067,Fraccionamiento Privada Casa Blanca,Urbano
83068,Colonia Revoluci�n II,Urbano
83068,Fraccionamiento Los Sauces,Urbano
83070,Colonia Del Razo,Urbano
83070,Colonia San Juan,Urbano
83078,Colonia Revoluci�n I,Urbano
83079,Colonia Casa Blanca,Urbano
83079,Colonia Cerro de La Campana,Urbano
83079,Colonia Villa del Pitic,Urbano
83079,Colonia Cerrada Norwalk,Urbano
83079,Colonia Chino Abelardo,Urbano
83080,Colonia La Matanza,Urbano
83089,Colonia Las Pilas,Urbano
83090,Colonia Hacienda de La Flor,Urbano
83100,Colonia Apolo,Urbano
83100,Colonia Atardeceres,Urbano
83100,Colonia Ley 57,Urbano
83100,Colonia Popular,Urbano
83100,Colonia Prados del Sol,Urbano
83100,Fraccionamiento Misi�n Del Real,Urbano
83100,Fraccionamiento Misi�n Del Sol,Urbano
83100,Fraccionamiento San Diego,Urbano
83100,Colonia Prados de Bugambilias,Urbano
83100,Fraccionamiento Misi�n San Ignacio,Urbano
83100,Colonia Prados de Bugambilias II,Urbano
83100,Colonia Residencial Kino,Urbano
83100,Colonia Cerrada del Carmen,Urbano
83100,Colonia Privada C�rdoba,Urbano
83100,Colonia Privada Robles,Urbano
83100,"Colonia 15 ""A""",Urbano
83103,Colonia CNOP,Urbano
83103,Colonia Lomas de Madrid,Urbano
83104,Colonia L�pez Portillo,Urbano
83104,Fraccionamiento Altos de Arag�n,Urbano
83104,Fraccionamiento Alta Firenze Residencial,Urbano
83104,Fraccionamiento Alta Firenze Norte,Urbano
83104,Fraccionamiento San Rafael Residencial,Urbano
83104,Colonia Lomas de Linda Vista,Urbano
83104,Colonia Arcadia,Urbano
83104,Colonia Port�n Del Arco,Urbano
83104,Colonia Cumbres Residencial III,Urbano
83104,Colonia Margaritas Olivos,Urbano
83104,Colonia Valle de Santa M�nica,Urbano
83104,Colonia Alborada,Urbano
83104,Fraccionamiento Loma Blanca,Urbano
83104,Fraccionamiento Privadas del Mirador,Urbano
83104,Fraccionamiento Palermo Secci�n Veneto,Urbano
83104,Colonia Colinas Del Bachoco,Urbano
83104,Fraccionamiento Palermo Secci�n Partanna,Urbano
83104,Fraccionamiento Altos de Agust�n Residencial,Urbano
83104,Fraccionamiento Palermo Secci�n Ferrara,Urbano
83105,Colonia Jacinto L�pez,Urbano
83105,Fraccionamiento Residencial la Cima,Urbano
83105,Fraccionamiento Residencial la Cima II,Urbano
83105,Fraccionamiento Caperuzo,Urbano
83105,Colonia 4 de Marzo,Urbano
83105,Fraccionamiento El Cortijo,Urbano
83105,Fraccionamiento Haciendas Residencial,Urbano
83105,Fraccionamiento La Caridad,Urbano
83105,Fraccionamiento Nuevo Horizonte,Urbano
83105,Fraccionamiento Paseo de las Palmas,Urbano
83105,Fraccionamiento Villas del Palmar,Urbano
83105,Colonia San Sebasti�n,Urbano
83105,Fraccionamiento Cerrada de La Capilla,Urbano
83105,Fraccionamiento El Cortijo Secci�n Pioneros,Urbano
83105,Fraccionamiento Cortijo Periodista,Urbano
83105,Fraccionamiento Retorno de La Misi�n,Urbano
83105,Colonia Red 2000,Urbano
83105,Fraccionamiento Cerrada la Caridad,Urbano
83105,Fraccionamiento Lomas del Norte,Urbano
83106,Colonia Insurgentes,Urbano
83106,Fraccionamiento Monterosa H�bitat Residencial,Urbano
83106,Fraccionamiento C�rdeno Residencial,Urbano
83106,Fraccionamiento Vista Azul,Urbano
83106,Fraccionamiento La Mirada Residencial,Urbano
83106,Fraccionamiento Alto Valle,Urbano
83106,Fraccionamiento San Lorenzo,Urbano
83106,Fraccionamiento Los �ngeles,Urbano
83106,Fraccionamiento Rinc�n de Palmas,Urbano
83106,Fraccionamiento Villa Colonial,Urbano
83106,Fraccionamiento Villa Dorada,Urbano
83106,Fraccionamiento Villas de Cortes,Urbano
83106,Colonia Villa Guadalupe,Urbano
83106,Colonia Villa Sonora,Urbano
83106,Colonia Villas del Cortijo,Urbano
83106,Colonia Heberto Castillo,Urbano
83106,Colonia Villa Del Rey,Urbano
83106,Fraccionamiento Las Palmas,Urbano
83106,Fraccionamiento Privada Mixcoac,Urbano
83106,Fraccionamiento Cerrada Coronado,Urbano
83106,Fraccionamiento Misi�n de AndaLuc�a Residencial,Urbano
83106,Fraccionamiento Banus,Urbano
83106,"Fraccionamiento Alto Valle Sector ""A""",Urbano
83106,Fraccionamiento Antara Residencial,Urbano
83106,Fraccionamiento Villa Colonial II,Urbano
83106,Fraccionamiento Miguel Valencia,Urbano
83107,Fraccionamiento Altaria Residencial,Urbano
83107,Fraccionamiento Bilbao,Urbano
83107,Fraccionamiento Paseo del Cid Residencial,Urbano
83107,Fraccionamiento Montalb�n Residencial,Urbano
83107,Fraccionamiento Catania Residencial,Urbano
83107,Fraccionamiento La Caridad,Rural
83107,Fraccionamiento Urbi Villa del Cedro,Urbano
83107,Fraccionamiento Urbi Alameda los Fresnos Residencial,Urbano
83108,Fraccionamiento Puerta Norte,Urbano
83110,Colonia Benito Ju�rez,Urbano
83110,Colonia M�rtires de Cananea,Urbano
83110,Colonia La Primavera,Urbano
83113,Colonia Jardines,Urbano
83113,Fraccionamiento Conjunto Arizona,Urbano
83114,Colonia Eusebio Kino,Urbano
83114,Fraccionamiento Velas Residencial,Urbano
83114,Fraccionamiento San Luis Rey,Urbano
83114,Colonia Santa B�rbara,Urbano
83114,Colonia Villas Residencial,Urbano
83114,Fraccionamiento Mil�n Residencial,Urbano
83114,Fraccionamiento Villa California Residencial,Urbano
83114,Fraccionamiento Lomas de Reforma,Urbano
83114,Fraccionamiento Aranjuez Residencial,Urbano
83115,Colonia Carmen Serd�n,Urbano
83115,Colonia El Cortijo UNISON,Urbano
83115,Colonia Rinc�n Agradable,Urbano
83116,Colonia Primero Hermosillo,Urbano
83116,Fraccionamiento Montesinos,Urbano
83116,Colonia Norberto Ortega,Urbano
83116,Fraccionamiento Real del Cobre,Urbano
83116,Colonia Solidaridad,Urbano
83116,Colonia Manuel G�mez Morín,Urbano
83116,Colonia Nueva Victoria,Urbano
83116,Fraccionamiento Valle del Portal,Urbano
83116,Fraccionamiento La Campi�a,Urbano
83116,Fraccionamiento Villa Merlot Residencial,Urbano
83116,Fraccionamiento Tierra Colorada,Urbano
83116,Colonia Miguel Angel Jim�nez,Urbano
83116,Colonia Francisco Romero,Urbano
83116,Colonia Antorcha Campesina (Invasi�n),Urbano
83117,Colonia Miguel Hidalgo,Urbano
83117,Fraccionamiento Alondras Residencial,Urbano
83117,Fraccionamiento Monarca Residencial,Urbano
83117,Colonia Villa Bonita,Urbano
83117,Fraccionamiento Villas de San Lorenzo,Urbano
83117,Fraccionamiento El Encanto,Urbano
83117,Fraccionamiento Los Manantiales,Urbano
83117,Fraccionamiento Pilares,Urbano
83117,Colonia Privadas Del Bosque,Urbano
83117,Fraccionamiento Tubac,Urbano
83117,Fraccionamiento Pueblo Bonito,Urbano
83117,Fraccionamiento Pueblo del Oro,Urbano
83117,Colonia Opatas,Urbano
83117,Colonia Cerrada Pimas,Urbano
83117,Fraccionamiento Cerrada Diamante,Urbano
83117,Fraccionamiento Palo Fierro,Urbano
83117,Fraccionamiento Torreplata Residencial,Urbano
83117,Fraccionamiento Romanza Residencial,Urbano
83117,Fraccionamiento Pueblitos Cerrada Kikapu,Urbano
83117,Fraccionamiento Pueblitos Cerrada Kukapu,Urbano
83117,Fraccionamiento Pueblitos Cerrada Papagos,Urbano
83117,Fraccionamiento Pueblitos Cerrada Guajiros,Urbano
83117,Fraccionamiento Privadas del Sauce,Urbano
83117,Fraccionamiento Los Pinos Residencial,Urbano
83117,Fraccionamiento Bicentenario Residencial,Urbano
83117,Fraccionamiento Portal de Romanza Residencial,Urbano
83117,Fraccionamiento Villas de Romanza,Urbano
83117,Colonia Miguel Valencia,Urbano
83118,Fraccionamiento Privadas del Real III Secci�n,Urbano
83118,Fraccionamiento Privadas del Real Secci�n Norte,Urbano
83118,Zona industrial Parque Industrial de Hermosillo Norte,Urbano
83118,Fraccionamiento Parque Central,Urbano
83118,Fraccionamiento Natura,Urbano
83118,Fraccionamiento Torralba Residencial,Urbano
83118,Fraccionamiento Privadas del Rey,Urbano
83118,Fraccionamiento Jardín Real Residencial,Urbano
83118,Fraccionamiento Monteregio Residencial,Urbano
83118,Fraccionamiento Ar�ndanos Residencial,Urbano
83118,Fraccionamiento Villa Del Real,Urbano
83118,Fraccionamiento Tumacacori,Urbano
83118,Colonia La Lengueta,Urbano
83118,Zona industrial Miniparque Industrial,Urbano
83118,Colonia Privadas del Real,Urbano
83118,Fraccionamiento Pueblo Alegre,Urbano
83118,Fraccionamiento Pueblo Escondido,Urbano
83118,Colonia Jorge Valdez Mu�oz,Urbano
83118,Fraccionamiento Privada San Germ�n,Urbano
83118,Fraccionamiento Pueblo del Sol,Urbano
83118,Fraccionamiento Villa Verde,Urbano
83118,Fraccionamiento Pueblo del Angel,Urbano
83118,Fraccionamiento Pueblitos Secci�n los Alamos,Urbano
83118,Fraccionamiento Villas de Turin,Urbano
83118,Colonia Laura Alicia Fr�as de L�pez Nogales,Urbano
83118,Fraccionamiento Tierra Nueva,Urbano
83118,Fraccionamiento Casalta Residencial,Urbano
83118,Fraccionamiento Privadas del Real II Secci�n,Urbano
83118,Fraccionamiento C�rdoba Residencial,Urbano
83118,Fraccionamiento Paseos del Pedregal,Urbano
83118,Fraccionamiento Fuente de Piedra,Urbano
83118,Fraccionamiento Puerta del Rey,Urbano
83118,Colonia Los Lingotes,Urbano
83120,Colonia Las Isabeles,Urbano
83120,Colonia Progresista,Urbano
83120,Colonia Uni�n de Colonos,Urbano
83120,Colonia Machi L�pez,Urbano
83120,Fraccionamiento Misi�n Del Arco,Urbano
83120,Fraccionamiento Misioneros,Urbano
83120,Fraccionamiento Plaza Real,Urbano
83120,Fraccionamiento Virreyes,Urbano
83120,Colonia H Ayuntamiento,Urbano
83120,Fraccionamiento Los Vi�edos,Urbano
83120,Colonia Real del Cardo,Urbano
83125,Colonia Villa Fontana,Urbano
83125,Fraccionamiento Plaza Grande,Urbano
83125,Fraccionamiento Misi�n San Jer�nimo,Urbano
83126,Colonia Conquistadores,Urbano
83126,Colonia Cerro Colorado,Urbano
83126,Colonia Nueva Castilla,Urbano
83128,Colonia San Javier,Urbano
83129,Colonia Las Aves,Urbano
83130,Colonia Libertad,Urbano
83130,Colonia Santa Isabel,Urbano
83136,Colonia Choyal,Urbano
83136,Colonia Puesta del Sol,Urbano
83137,Colonia Las Flores,Urbano
83137,Colonia Cuartel Zona,Urbano
83138,Colonia Luis Encinas,Urbano
83138,Colonia Santa Mar�a,Urbano
83138,Fraccionamiento Bella Vista,Urbano
83138,Colonia Sonomex Norte,Urbano
83138,Fraccionamiento Condesa,Urbano
83139,Colonia Isssteson Norte,Urbano
83139,Colonia Las Torres,Urbano
83139,Colonia Reforma Norte,Urbano
83140,Colonia Bugambilia,Urbano
83140,Colonia Jes�s Garc�a,Urbano
83140,Colonia Los Rosales,Urbano
83140,Fraccionamiento Plaza Inn,Urbano
83143,Fraccionamiento Ibiza Residencial,Urbano
83143,Fraccionamiento Residencial la Ca�ada,Urbano
83143,Fraccionamiento Cerrada Cucurpe,Urbano
83143,Fraccionamiento Cumbres Residencial,Urbano
83143,Fraccionamiento Cucurpe II,Urbano
83143,Fraccionamiento Privadas Residenciales,Urbano
83144,Colonia Sacramento Residencial,Urbano
83145,Fraccionamiento Colinas,Urbano
83145,Fraccionamiento Catalinas Residencial,Urbano
83145,Zona militar Zona Militar Cuartel XV,Urbano
83145,Fraccionamiento Terrazas Del Mirador,Urbano
83145,Fraccionamiento Santa Luc�a,Urbano
83145,Colonia Privada Victoria,Urbano
83145,Fraccionamiento Colinas II,Urbano
83145,Fraccionamiento Vista del Sol Residencial,Urbano
83146,Colonia Los Sabinos,Urbano
83146,Fraccionamiento La Rioja Norte,Urbano
83146,Fraccionamiento La Paloma Residencial I,Urbano
83146,Fraccionamiento Quinta la Paloma,Urbano
83146,Fraccionamiento Puerta de Hierro,Urbano
83146,Fraccionamiento La Paloma Residencial II,Urbano
83146,Fraccionamiento Colinas de San Javier,Urbano
83147,Colonia Cuatro Olivos,Urbano
83147,Fraccionamiento Paseo de las Margaritas,Urbano
83147,Colonia Rosario Ibarra de Piedra,Urbano
83147,Fraccionamiento Sierra Blanca,Urbano
83147,Fraccionamiento Sierra Vista,Urbano
83148,Colonia Bachoco,Urbano
83148,Colonia Colina Blanca,Urbano
83148,Fraccionamiento Residencial Breta�a,Urbano
83148,Colonia El Dorado,Urbano
83148,Fraccionamiento Pueblo Alto Residencial,Urbano
83148,Fraccionamiento La Ventana,Urbano
83148,Colonia Loreto,Urbano
83148,Fraccionamiento Paseo de la Colina,Urbano
83148,Fraccionamiento Villa Toscana Residencial,Urbano
83148,Fraccionamiento Tosali Residencial,Urbano
83149,Colonia Francisco Villa,Urbano
83150,Colonia Constituci�n,Urbano
83150,Colonia Loma Linda,Urbano
83150,Colonia Pitic,Urbano
83156,Colonia Periodista,Urbano
83156,Colonia Casero Solar,Urbano
83157,Colonia Issste Federal,Urbano
83159,Colonia Lomas Altas,Urbano
83159,Fraccionamiento La Jolla Villa Turquesa,Urbano
83159,Fraccionamiento La Jolla Villa de los Diamantes,Urbano
83159,Fraccionamiento La Jolla Villa de los Zafiros,Urbano
83159,Fraccionamiento La Jolla Villa de las Esmeraldas,Urbano
83159,Fraccionamiento Las Lomas del Pitic,Urbano
83159,Colonia Cuartel Pitic,Urbano
83160,Colonia San Luis,Urbano
83160,Colonia Parque Industrial Pimex,Urbano
83164,Colonia Campestre Residencial,Urbano
83165,Colonia Cuartel XX Caf� Combate,Urbano
83166,Fraccionamiento Santerra,Urbano
83166,Fraccionamiento Rancho San Ignacio,Urbano
83166,Fraccionamiento Buenaventura,Urbano
83166,Fraccionamiento Hacienda Residencial Condominal,Urbano
83170,Colonia Adolfo L�pez Mateos,Urbano
83170,Colonia Álvaro Obreg�n,Urbano
83170,Colonia Los Mirasoles,Urbano
83170,Colonia Antonio Parada Cano,Urbano
83170,Colonia 22 de Septiembre,Urbano
83170,Fraccionamiento Nueva Espa�a,Urbano
83170,Colonia Privada de los Azulejos,Urbano
83170,Colonia Buena Vista,Urbano
83170,Fraccionamiento Buenaventura,Urbano
83170,Colonia Internacional,Urbano
83170,Fraccionamiento Nueva Palmira Residencial,Urbano
83170,Colonia Las Plazas,Urbano
83170,Colonia San Bernardino,Urbano
83170,Colonia Paseo Del Sahuaro,Urbano
83171,Colonia Sahuaro Indeco,Urbano
83173,Colonia La Antorcha Campesina,Urbano
83173,Fraccionamiento Las Acacias,Urbano
83174,Colonia Sonacer,Urbano
83174,Fraccionamiento San Isidro,Urbano
83174,Fraccionamiento Vista Bella,Urbano
83174,Colonia Rancho Bonito Residencial,Urbano
83174,Zona industrial Parque Industrial Labor,Urbano
83174,Zona industrial Parque Industrial Dynatech,Urbano
83174,Colonia El Llanito,Urbano
83175,Colonia Jerez Del Valle,Urbano
83175,Fraccionamiento Topacio Residencial,Urbano
83175,Fraccionamiento Murano Residencial,Urbano
83175,Zona industrial Parque Industrial Latitud,Urbano
83175,Fraccionamiento Hacienda Del Sol,Urbano
83175,Fraccionamiento Valle Dorado,Urbano
83175,Colonia Nuevo Sahuaro,Urbano
83175,Colonia Casa Bonita Residencial,Urbano
83175,Fraccionamiento Villa Mercedes,Urbano
83175,Fraccionamiento Los Arroyos,Urbano
83175,Fraccionamiento La Cholla,Urbano
83175,Fraccionamiento R�o de Plata,Urbano
83175,Fraccionamiento Casa Bonita II,Urbano
83175,Fraccionamiento El Esplendor,Urbano
83175,Fraccionamiento La Cholla II Secci�n,Urbano
83176,Zona industrial Parque Industrial,Urbano
83177,Fraccionamiento Stanza Solare Residencial,Urbano
83177,Fraccionamiento Las Veredas,Urbano
83177,Fraccionamiento California,Urbano
83177,Fraccionamiento Salamanca Residencial,Urbano
83177,Fraccionamiento Privada Sacramento,Urbano
83177,Fraccionamiento Santa Martha,Urbano
83177,Colonia Luis Donaldo Colosio,Urbano
83177,Fraccionamiento San Bosco,Urbano
83177,Fraccionamiento San Francisco,Urbano
83177,Fraccionamiento Luis Donaldo Colosio,Urbano
83177,Fraccionamiento Puerta Real Residencial,Urbano
83177,Fraccionamiento Benei Residencial,Urbano
83177,Fraccionamiento Palma Dorada Residencial,Urbano
83177,Fraccionamiento San Juan Bosco II,Urbano
83177,Fraccionamiento Lirios,Urbano
83177,Fraccionamiento San Marcos,Urbano
83177,Fraccionamiento Villa Sauces,Urbano
83178,Colonia Camino Real,Urbano
83178,Colonia La Misi�n,Urbano
83178,Fraccionamiento Sahuaro,Urbano
83178,Colonia Camino Real Norte,Urbano
83178,Colonia Sahuaro Final,Urbano
83179,Colonia Uni�n de Ladrilleros,Urbano
83179,Fraccionamiento Buenos Aires,Urbano
83179,Fraccionamiento Dunas,Urbano
83179,Fraccionamiento Del Bosque,Urbano
83179,Fraccionamiento Floresta Villa Ceiba,Urbano
83179,Colonia Sol Aguilar,Urbano
83179,Fraccionamiento FONHAPO,Urbano
83179,Fraccionamiento Floresta Villa Fresnos,Urbano
83179,Colonia Condominio San Pablo,Urbano
83179,Colonia Divisi�n del Norte,Urbano
83179,Colonia Ampliaci�n Ladrilleras,Urbano
83179,Colonia El Mirador (Invasi�n),Urbano
83179,Colonia El Chaparral (Invasi�n),Urbano
83179,Fraccionamiento Dunas II,Urbano
83179,Fraccionamiento Floresta Villa Ciruelos,Urbano
83179,Fraccionamiento Floresta Villa Cipreces,Urbano
83179,Fraccionamiento Floresta Villa Almendras,Urbano
83179,Fraccionamiento Oasis Lantana,Urbano
83180,Colonia Balderrama,Urbano
83180,Colonia Olivares,Urbano
83180,Colonia Olivares Norte,Urbano
83188,Colonia Pimentel,Urbano
83190,Colonia Modelo,Urbano
83190,Colonia San Benito,Urbano
83198,Colonia Inal�mbrica,Urbano
83200,Colonia Rinc�n de La Herradura,Urbano
83200,Colonia Racquet Club I Secci�n Sur,Urbano
83200,Colonia Valle Verde,Urbano
83200,Colonia Villa Sat�lite,Urbano
83200,Colonia Racquet Club II Secci�n Norte,Urbano
83200,Zona comercial Plaza de Las Franquicias,Urbano
83204,Colonia Alameda,Urbano
83204,Colonia Torre�n,Urbano
83204,Colonia Los Canarios,Urbano
83205,Colonia Valle Grande,Urbano
83206,Colonia Valle Del Sol,Urbano
83207,Colonia Valle Escondido,Urbano
83208,Colonia La Huerta,Urbano
83209,Colonia Valle Hermoso,Urbano
83210,Colonia El Llano,Urbano
83210,Fraccionamiento Siena Residencial,Urbano
83214,Colonia Quinta Emilia,Urbano
83220,Colonia La Manga,Urbano
83220,Fraccionamiento Real de Sevilla Club Residencial,Urbano
83220,Fraccionamiento La Coru�a Residencial,Urbano
83220,Colonia Real del Llano,Urbano
83220,Fraccionamiento Villas del Mediterr�neo Residencial,Urbano
83220,Fraccionamiento Campo Grande Residencial,Urbano
83223,Fraccionamiento Obispo Residencial,Urbano
83223,Fraccionamiento Coronado Residencial,Urbano
83223,Fraccionamiento Residencial Navarrete,Urbano
83223,Fraccionamiento San Andr�s Residencial,Urbano
83224,Fraccionamiento Real de Castilla,Urbano
83224,Fraccionamiento Privada Dal�,Urbano
83224,Fraccionamiento La Encantada Privada Alebrijes,Urbano
83224,Fraccionamiento Villa de Parras Residencial,Urbano
83224,Colonia Nazareo Residencial,Urbano
83224,Colonia Real de Montejo,Urbano
83224,Fraccionamiento Obispos Residencial II,Urbano
83224,Fraccionamiento Real de Quiroga,Urbano
83224,Fraccionamiento Salvatierra Residencial,Urbano
83224,Fraccionamiento Parque Versalles,Urbano
83224,Fraccionamiento Paseo de las Misiones Residencial,Urbano
83224,Colonia Compostela Residencial,Urbano
83224,Fraccionamiento La Encantada Privada Tesoros,Urbano
83224,Fraccionamiento La Encantada Privada Azulejos,Urbano
83224,Fraccionamiento La Encantada Privada Leyendas,Urbano
83224,Fraccionamiento La Rioja,Urbano
83224,Fraccionamiento El Conquistador Residencial,Urbano
83224,Colonia Los Santos Residencial,Urbano
83229,Aeropuerto Hermosillo (General Ignacio Pesqueira Garc�a),Urbano
83230,Fraccionamiento Altozano,Urbano
83230,Fraccionamiento Bonaterra Residencial,Urbano
83230,Fraccionamiento Basalto,Urbano
83240,Colonia Fuentes Del Mezquital,Urbano
83240,Colonia Las Quintas,Urbano
83240,Condominio Tejares,Urbano
83240,Fraccionamiento Alcal� Residencial,Urbano
83240,Colonia Valle Bonito,Urbano
83240,Fraccionamiento Villa Sol,Urbano
83240,Fraccionamiento Villa Florencia,Urbano
83240,Fraccionamiento Valle del Lago Residencial,Urbano
83240,Fraccionamiento Portal del Lago,Urbano
83243,Fraccionamiento Corceles Residencial,Urbano
83243,Fraccionamiento Alta Riviera Residencial,Urbano
83243,Fraccionamiento Castello Residencial,Urbano
83243,Fraccionamiento Rivello Residencial,Urbano
83243,Fraccionamiento El Secreto,Urbano
83243,Fraccionamiento Rivello III,Urbano
83243,Fraccionamiento Villa de los Corceles,Urbano
83243,Fraccionamiento Las Provincias,Urbano
83244,Fraccionamiento Concordia Residencial,Urbano
83245,Fraccionamiento Punta de Lago,Urbano
83245,Fraccionamiento Los Lagos,Urbano
83245,Fraccionamiento Nueva Galicia,Urbano
83246,Colonia Mezquital Del Oro,Urbano
83246,Colonia Paseo del Sol,Urbano
83246,Fraccionamiento Casa Grande Residencial I,Urbano
83246,Fraccionamiento Casa Grande Residencial II,Urbano
83246,Fraccionamiento Casa Grande Residencial III,Urbano
83246,Fraccionamiento Quintas Galicia,Urbano
83246,Fraccionamiento Condominio Hacienda Real,Urbano
83247,Fraccionamiento Flamingos,Urbano
83247,Fraccionamiento Los Portales,Urbano
83247,Fraccionamiento Llano Verde,Urbano
83247,Fraccionamiento Vista del Lago,Urbano
83247,Fraccionamiento Puerta Grande,Urbano
83247,Colonia Oficinas Federales,Urbano
83247,Fraccionamiento Catavi�a Residencial,Urbano
83248,Fraccionamiento Residencial de Anza,Urbano
83249,Colonia Santa Fe,Urbano
83249,Condominio Torre KYO Navarrete,Urbano
83249,Fraccionamiento Campanario,Urbano
83249,Fraccionamiento Capistrano Residencial,Urbano
83249,Fraccionamiento Staus,Urbano
83249,Colonia Seminario Residencial,Urbano
83249,Fraccionamiento Montebello Residencial,Urbano
83249,Fraccionamiento Alta California Residencial,Urbano
83249,Fraccionamiento Tierra Blanca,Urbano
83249,Equipamiento Seminario Mayor,Urbano
83250,Colonia Las Granjas,Urbano
83250,Colonia Los Arcos,Urbano
83250,Colonia Palmar Del Sol,Urbano
83250,Zona comercial Metrocentro,Urbano
83250,Colonia Fuentes del Centenario,Urbano
83250,Colonia El Recodo,Urbano
83255,Colonia Real Del Arco,Urbano
83260,Colonia Centenario,Urbano
83260,Colonia Bernardo Esqueda,Urbano
83260,Colonia Prados del Centenario,Urbano
83260,Colonia San Antonio,Urbano
83260,Colonia Isssteson Centenario,Urbano
83270,Colonia El Malec�n,Urbano
83270,Colonia La Mosca,Urbano
83270,Colonia Las Palmas,Urbano
83270,Zona industrial Proyecto R�o Sonora,Urbano
83278,Colonia ISSSTESON Colegio Lux,Urbano
83279,Colonia Militar,Urbano
83280,Colonia Cerro de La Cruz,Urbano
83280,Colonia El Jito,Urbano
83280,Colonia Emiliano Zapata,Urbano
83280,Colonia Palo Verde,Urbano
83280,Colonia Tiro Al Blanco,Urbano
83280,Colonia Villa de Seris,Urbano
83280,Colonia Villa Hermosa,Urbano
83280,Fraccionamiento La Candelaria,Urbano
83280,Colonia Solidaridad Vildosola,Urbano
83280,Equipamiento Colegio de Bachilleres,Urbano
83280,Fraccionamiento San Pablo,Urbano
83280,Colonia Los Poetas,Urbano
83283,Fraccionamiento Haciendas del Sur,Urbano
83284,Fraccionamiento Santa Anita Residencial,Urbano
83284,Fraccionamiento Quinta Esmeralda,Urbano
83284,Colonia Las Peredas,Urbano
83284,Fraccionamiento San Fermín,Urbano
83284,Colonia Las Tres Reynas,Urbano
83284,Colonia Casa Linda,Urbano
83284,Fraccionamiento Costa del Sol,Urbano
83284,Colonia Palo Verde Indeur los Olivos,Urbano
83284,Colonia Nueva Esperanza,Urbano
83284,Colonia Los Girasoles,Urbano
83284,Colonia Hacienda los Alcatraces,Urbano
83284,Colonia Hacienda los Lirios,Urbano
83284,Colonia Villa las Lomas,Urbano
83284,Fraccionamiento Villas del Sur,Urbano
83284,Fraccionamiento Agaves Residencial,Urbano
83284,Fraccionamiento Quintas del Sol Residencial,Urbano
83284,Colonia Los Olivos,Urbano
83284,Colonia Adolfo L�pez Mateos,Urbano
83285,Colonia Las Minitas,Urbano
83285,Fraccionamiento Florenza Residencial,Urbano
83285,Fraccionamiento Montereal,Urbano
83285,Fraccionamiento Mesaverde,Urbano
83285,Fraccionamiento Oasis Solera,Urbano
83285,Fraccionamiento El Alamo Residencial,Urbano
83285,Colonia Nueva Ilusi�n,Urbano
83285,Fraccionamiento Florenza Plus,Urbano
83285,Colonia Arco Iris,Urbano
83285,Colonia Hermosa Provincia,Urbano
83285,Colonia San Jos� de las Minitas,Urbano
83285,Colonia Villa Sure�a,Urbano
83285,Colonia El Mezquite,Urbano
83285,Colonia Cerrada de Minas,Urbano
83285,Fraccionamiento Real de Minas,Urbano
83285,Fraccionamiento Oasis del Sol,Urbano
83285,Fraccionamiento Oasis Santa Fe,Urbano
83285,Fraccionamiento Oasis Solana,Urbano
83285,Fraccionamiento Quinta Real,Urbano
83285,Fraccionamiento Puerta Esmeralda,Urbano
83285,Colonia Ejido el Buey,Urbano
83285,Fraccionamiento Oasis Palmeira,Urbano
83286,Colonia Tirocapes,Urbano
83286,Colonia Cerro Apache,Urbano
83287,Colonia El Apache,Urbano
83287,Colonia Nacameri,Urbano
83287,Colonia San Angel,Urbano
83287,Fraccionamiento Alegranza Residencial,Urbano
83287,Fraccionamiento Renaceres,Urbano
83287,Fraccionamiento Valle San Francisco,Urbano
83287,Fraccionamiento Aurea Residencial,Urbano
83287,Colonia Ejido de Villa de Seris,Urbano
83287,Fraccionamiento Monet,Urbano
83287,Colonia Las Placitas,Urbano
83287,Fraccionamiento Sorento Residencial,Urbano
83287,Fraccionamiento Aurea Argento,Urbano
83287,Fraccionamiento Paseo San Angel,Urbano
83287,Colonia Camino del Seri,Urbano
83287,Fraccionamiento Real del Carmen,Urbano
83287,Colonia Residencial Pima,Urbano
83287,Colonia Los Tulipanes,Urbano
83287,Fraccionamiento Portal Del Pitic,Urbano
83287,Fraccionamiento Casa Real,Urbano
83287,Fraccionamiento Soleil Residencial,Urbano
83287,Fraccionamiento Urbi Villa del Prado,Urbano
83287,Fraccionamiento Arc�ngel Residencial,Urbano
83287,Fraccionamiento Paseo Real Residencial,Urbano
83287,Fraccionamiento Azores Residencial,Urbano
83287,Fraccionamiento Urbi Villa Campestre,Urbano
83288,Fraccionamiento Genova Residencial,Urbano
83288,Unidad habitacional Fovissste,Urbano
83288,Fraccionamiento Corsica Residencial,Urbano
83288,Fraccionamiento Sedona Residencial,Urbano
83288,Fraccionamiento Barcelona Residencial,Urbano
83288,Fraccionamiento Real de Toledo Residencial,Urbano
83288,Fraccionamiento San Marino Residencial,Urbano
83288,Condominio Kyo Upday,Urbano
83288,Colonia Montecarlo Residencial,Urbano
83288,Fraccionamiento La Verbena,Urbano
83288,Fraccionamiento Villa Bonita,Urbano
83288,Fraccionamiento R�o Grande Residencial,Urbano
83288,Fraccionamiento Privada Rosales,Urbano
83288,Colonia M�naco Privadas Residenciales,Urbano
83288,Fraccionamiento Residencial Pe�asco,Urbano
83288,Fraccionamiento Marsella Residencial,Urbano
83288,Fraccionamiento Jardines de M�naco,Urbano
83288,Fraccionamiento Asturias Residencial,Urbano
83288,Fraccionamiento Villa Lourdes,Urbano
83288,Fraccionamiento Villa Residencial Bonita,Urbano
83288,Colonia Las Praderas IV,Urbano
83288,Colonia Las Praderas Norte,Urbano
83288,Colonia Las Praderas Sur (FOVISSSTE),Urbano
83288,Fraccionamiento Arandas Residencial,Urbano
83289,Colonia Las Villas,Urbano
83289,Fraccionamiento Francisco Eusebio Kino ISSSTESON,Urbano
83290,Colonia Piedra Bola (Pedregal de la Villa),Urbano
83290,Colonia Y Griega,Urbano
83293,Fraccionamiento Urbi Alameda los Encinos II Residencial,Urbano
83293,Colonia Akiwiki,Urbano
83293,Colonia Lomas Del Mirador,Urbano
83293,Colonia Las Lomas Del Sol,Urbano
83293,Colonia Las Lomas Del Sur,Urbano
83293,Colonia Las Lomas Secci�n los Manzanos,Urbano
83293,Colonia Central de Abastos,Urbano
83293,Colonia Las Lomas de Cortes,Urbano
83293,Colonia Las Lomas Secci�n Bonita,Urbano
83293,Colonia Las Lomas Secci�n Casta�os,Urbano
83293,Colonia Las Lomas Privada las Lomas,Urbano
83293,Colonia Las Lomas Secci�n El Para�so,Urbano
83293,Colonia Las Lomas Privada Del Bosque,Urbano
83293,Colonia Las Lomas Real Del Parque,Urbano
83293,Fraccionamiento Urbi Villa del Rey Secci�n Manzanos II,Urbano
83293,Fraccionamiento Urbi Villa del Rey Secci�n Casta�os III,Urbano
83293,Fraccionamiento Urbi Villa del Rey Secci�n Casta�os II,Urbano
83293,Fraccionamiento Urbi Villa del Rey Secci�n los Almendros II,Urbano
83293,Fraccionamiento Urbi Villa del Rey Secci�n los Almendros III,Urbano
83293,Fraccionamiento Urbi Villa del Rey Secci�n Casta�os IV,Urbano
83293,Fraccionamiento Urbi Villa del Rey,Urbano
83293,Fraccionamiento Urbi Villa del Rey Secci�n los Almendros I,Urbano
83293,Fraccionamiento Urbi Villa del Rey Secci�n Casta�os I,Urbano
83293,Fraccionamiento Las Lomas,Urbano
83293,Fraccionamiento La Campana,Urbano
83293,Fraccionamiento Urbi Alameda los Encinos I Residencial,Urbano
83293,Fraccionamiento Privada Villa del Rey,Urbano
83293,Zona industrial Sector Industrial Presa,Urbano
83294,Colonia Cuauht�moc,Urbano
83294,Colonia Los Alamos,Urbano
83294,Fraccionamiento Perisur,Urbano
83294,Fraccionamiento Valle del Marquez,Urbano
83294,Colonia Rinc�n Del Marquez,Urbano
83295,Colonia Adolfo de La Huerta,Urbano
83295,Colonia Comercial Cedros,Urbano
83296,Fraccionamiento Colinas del Sur,Urbano
83296,Fraccionamiento Nuevo Hermosillo,Urbano
83296,Fraccionamiento Castelina,Urbano
83296,Fraccionamiento Bonanza Residencial,Urbano
83296,Fraccionamiento Altares,Urbano
83296,Fraccionamiento Chula Vista,Urbano
83296,Fraccionamiento Las Diligencias,Urbano
83296,Fraccionamiento Arboledas,Urbano
83296,Fraccionamiento Renacimiento,Urbano
83296,Fraccionamiento Terranova,Urbano
83296,Fraccionamiento Altamira,Urbano
83296,Fraccionamiento Las Carretas,Urbano
83296,Fraccionamiento Altares II,Urbano
83296,Fraccionamiento Santa Cecilia,Urbano
83296,Fraccionamiento Altares Rancho Grande,Urbano
83296,Fraccionamiento Jacarandas,Urbano
83296,Fraccionamiento Valle de los Almendros,Urbano
83296,Fraccionamiento Mallorca Residencial,Urbano
83296,Fraccionamiento Vista Real,Urbano
83297,Fraccionamiento Gala III,Urbano
83297,Fraccionamiento Gala I,Urbano
83297,Zona industrial Parque Industrial Sonora,Urbano
83297,Fraccionamiento Agualurca,Urbano
83297,Fraccionamiento Sierra Clara,Urbano
83297,Zona industrial Parque Industrial Dynatech Sur,Urbano
83297,Fraccionamiento Gala II,Urbano
83299,Zona industrial Parque Industrial Hermosillo,Urbano
83300,Pueblo El Saucito,Rural
83300,Paraje Estaci�n Zamora,Rural
83300,Rancher�a La Labor,Rural
83300,Rancher�a El Zacat�n,Rural
83300,Fraccionamiento Real del Alamito [Fraccionamiento Campestre],Rural
83300,Ejido Real del Alamito,Rural
83300,Ejido La Cuesta [Vi�edo],Rural
83300,Fraccionamiento Fraccionamiento Campestre las Granjas,Rural
83300,Ejido Campo del Carmen,Rural
83300,Rancher�a Ren� C�rdova,Rural
83300,Rancher�a Ad�n L�pez,Rural
83300,Rancher�a Agr�cola Martha,Rural
83300,Granja Alto Verde (R�o Blanco),Rural
83300,Rancher�a Agropecuaria Blanca Julia,Rural
83300,Granja Agropecuaria San V�ctor (V�ctor Palomino),Rural
83300,Rancher�a Alejandro Guti�rrez,Rural
83300,Rancher�a Alemania,Rural
83300,Rancher�a Alemania Dos,Rural
83300,Rancher�a Alfonso Ponce,Rural
83300,Rancher�a Arturo Wereca,Rural
83300,Rancher�a Benito F�lix,Rural
83300,Rancher�a Campito la Herradura,Rural
83300,Rancher�a Campo la Valiana,Rural
83300,Rancher�a Campo las Lomitas,Rural
83300,Rancher�a Campo Michelle,Rural
83300,Rancher�a Montecristo,Rural
83300,Equipamiento Carlos de Le�n Fern�ndez (Vivero),Rural
83300,Rancher�a Casa Blanca,Rural
83300,Rancher�a Casa de Alto (Ram�n Preciado),Rural
83300,Rancher�a Chich� L�pez,Rural
83300,Rancher�a La Herradura [Campestre],Rural
83300,Rancher�a El Alamito,Rural
83300,Rancher�a El Porvenir,Rural
83300,Ejido El Carmen,Rural
83300,Rancher�a Clara Eloísa Oth�n (El Alamito),Rural
83300,Rancher�a El Alamito,Rural
83300,Rancher�a El Alamito [Fundidora],Rural
83300,Rancher�a Chulavista Dos,Rural
83300,Rancher�a Campo La Noria [Leyva Espinoza],Rural
83300,Ejido El Alamito,Rural
83300,Granja El Alamito,Rural
83300,Rancher�a El Bachatal,Rural
83300,Rancher�a El Baibur�n,Rural
83300,Hacienda El Dorado,Rural
83300,Granja Campo Gassa (Asociaci�n Ganadera de Alimentos),Rural
83300,Ejido El Ceboll�n [Campestre],Rural
83300,Rancher�a Alberto Guzm�n,Rural
83300,Rancher�a El Pepache (Francisco Quiroga),Rural
83300,Rancher�a El Jecotal,Rural
83300,Rancher�a El Mahuachi,Rural
83300,Rancher�a El Memucho,Rural
83300,Rancher�a El Milagro,Rural
83300,Rancher�a El Mocloy,Rural
83300,Rancher�a El Modelo,Rural
83300,Rancher�a El Nogal,Rural
83300,Rancher�a El Ocotillo [Fraccionamiento],Rural
83300,Rancher�a El Or�gano,Rural
83300,Rancher�a El Otro Lado,Rural
83300,Rancher�a El Palo Fierro,Rural
83300,Rancher�a El Recodo,Rural
83300,Rancher�a El Repecho,Rural
83300,Rancher�a El Repecho (Javier L�pez Molina),Rural
83300,Rancher�a El Represito (Heriberto Peralta),Rural
83300,Rancher�a El Represo,Rural
83300,Hacienda El Resplandor [Hacienda],Rural
83300,Rancher�a El Retanque,Rural
83300,Rancher�a El Rosario,Rural
83300,Rancher�a El Bohemio,Rural
83300,Rancher�a El Saucito 2,Rural
83300,Rancher�a El Saucito de Enmedio,Rural
83300,Rancher�a El Tijerito,Rural
83300,Ejido El Tijerito,Rural
83300,Rancher�a El�as C�rdova,Rural
83300,Rancher�a El�as Ortega,Rural
83300,Equipamiento Engorda Campo Nuevo,Rural
83300,Rancher�a Establo San Marcos,Rural
83300,Rancher�a Establo Santo Ni�o,Rural
83300,Rancher�a La Parcela [Jos� Jes�s Miramontes],Rural
83300,Rancher�a Nopales Mar�a Dolores,Rural
83300,Rancher�a Finca las Moras,Rural
83300,Fraccionamiento Fraccionamiento Chula Vista,Rural
83300,Fraccionamiento Fraccionamiento R�o Bonito,Rural
83300,Rancher�a Porfirio Corella,Rural
83300,Rancher�a Granja San Judas,Rural
83300,Rancher�a Casa Blanca,Rural
83300,Rancher�a Guadalupe,Rural
83300,Rancher�a Guadalupe Germ�n,Rural
83300,Rancher�a H�ctor Ruiz,Rural
83300,Rancher�a Isidro Castellano,Rural
83300,Rancher�a La Milagrosa II,Rural
83300,Rancher�a Jes�s Castellanos,Rural
83300,Rancher�aJos� Esparza Rivera,Rural
83300,Rancher�a Campestre Casa Blanca,Rural
83300,Rancher�aJos� Jes�s Corrales,Rural
83300,Rancher�a Josefina Dos,Rural
83300,Rancher�a Juan Manuel Bracamontes,Rural
83300,Rancher�a LM,Rural
83300,Rancher�a La Coyota (La Coyotita),Rural
83300,Rancher�a La Coyotita,Rural
83300,Rancher�a La Cuesta (Pozo Dos) [Vi�edo],Rural
83300,Rancher�a La Finca,Rural
83300,Rancher�a La Florida [vi�edo],Rural
83300,Rancher�a Las Milpas,Rural
83300,Rancher�a La Gravera,Rural
83300,Rancher�a La Herradura,Rural
83300,Rancher�a La India,Rural
83300,Rancher�a La Labor [Hacienda],Rural
83300,Rancher�a La Loma,Rural
83300,Rancher�a La Milagrosa,Rural
83300,Rancher�a La Milagrosa [Engorda],Rural
83300,Rancher�a La Nopalera,Rural
83300,Ejido La Nopalera,Rural
83300,Rancher�a La Noria,Rural
83300,Ejido La Noria,Rural
83300,Rancher�a Rasc�n Coronado [Palos Fierro],Rural
83300,Rancher�a La Resolana,Rural
83300,Rancher�a La Tembladera de Abajo,Rural
83300,Rancher�a La Tijera,Rural
83300,Rancher�a La Tortuga,Rural
83300,Rancher�a Las Brechas,Rural
83300,Rancher�a Las Ceibas,Rural
83300,Rancher�a Las Dos Mar�as,Rural
83300,Granja Campestre Hacienda la Labor,Rural
83300,Rancher�a Las Merceditas (Agronuts),Rural
83300,Rancher�a Campo LUFATE,Rural
83300,Rancher�a Alejandro Rival S�nchez,Rural
83300,Rancher�a Las Palmas (V�ctor Palma),Rural
83300,Rancher�a Las Isabeles (Jos� Castellano),Rural
83300,Rancher�a Las Tortolitas,Rural
83300,Rancher�a Laura Bella Dos,Rural
83300,Rancher�a Laura Bella Uno,Rural
83300,Rancher�a Laureles,Rural
83300,Rancher�a Los Benavides,Rural
83300,Rancher�a Los C�maros (Establo San Francisco),Rural
83300,Rancher�a Los Jardines,Rural
83300,Rancher�a Santa Eduwiges,Rural
83300,Rancher�a Los Mezquites,Rural
83300,Rancher�a Los Milagros,Rural
83300,Rancher�a Los Moros,Rural
83300,Rancher�a Los Pinitos,Rural
83300,Rancher�a Los Pozos,Rural
83300,Ejido Los Pozos,Rural
83300,Rancher�a Los Pachecos,Rural
83300,Ejido Los Sauces,Rural
83300,Rancher�a Los Vados,Rural
83300,Rancher�a El Jarrito,Rural
83300,Granja Manantial de Camo� [Campestre],Rural
83300,Rancher�a Campestre Bermudas [Manuel Ruiz],Rural
83300,Granja Mazocari [Agropecuaria],Rural
83300,Rancher�a V�ctor C�rdova,Rural
83300,Rancher�a El Per� (Patrocipes),Rural
83300,Granja Porcicola Clamaral,Rural
83300,Rancher�a Puzolana San Jos�,Rural
83300,Rancher�a Manuel Samaniego,Rural
83300,Rancher�a Ram�n Trujillo (La Milpa),Rural
83300,Rancher�a Real de Mulato,Rural
83300,Rancher�a Ricardo Retes,Rural
83300,Rancher�a Rosal�a Ch�vez,Rural
83300,Rancher�a San Alberto,Rural
83300,Rancher�a San Emilio,Rural
83300,Rancher�a San Esteban,Rural
83300,Rancher�a San Fernando (La Bolsas),Rural
83300,Rancher�a San Francisco,Rural
83300,Ejido San Francisco,Rural
83300,Rancher�a San Javier,Rural
83300,Rancher�a San Jos�,Rural
83300,Rancher�a San Juan,Rural
83300,Ejido San Juan,Rural
83300,Rancher�a San Juanico [Campestre],Rural
83300,Rancher�a San Judas,Rural
83300,Rancher�a San Leopoldo,Rural
83300,Rancher�a San Lorenzo,Rural
83300,Rancher�a San Mart�n,Rural
83300,Rancher�a San Mart�n (Alamito),Rural
83300,Rancher�a San Miguel,Rural
83300,Rancher�a San Pedrito,Rural
83300,Rancher�a La Herradura,Rural
83300,Rancher�a San Rafael [Campestre],Rural
83300,Rancher�a San Rodolfo,Rural
83300,Rancher�a Santa Anita 1,Rural
83300,Rancher�a Santa Belem,Rural
83300,Rancher�a Los Sauces,Rural
83300,Ejido Santa Elena,Rural
83300,Rancher�a Santa Lucina [Campestre],Rural
83300,Rancher�a Santa Rita,Rural
83300,Ejido Santa Rita,Rural
83300,Rancher�a Santa Rosa,Rural
83300,Ejido Santa Rosa,Rural
83300,Rancher�a Santa Teresa,Rural
83300,Rancher�a Santa Teresa (Los Ruices),Rural
83300,Rancher�a Santa Teresita,Rural
83300,Rancher�a San Alonso,Rural
83300,Rancher�a La Fuente de la Juventud,Rural
83300,Rancher�a Sol Azteca,Rural
83300,Rancher�a Villa Dorada,Rural
83300,Rancher�a Villa Guadalupe [Campestre],Rural
83300,Rancher�a Villa Manantial [Campestre],Rural
83300,Rancher�a Vi�edo 2000,Rural
83300,Ejido Vi�edos 2000 Sur,Rural
83300,Rancho Vi�edo 2000,Rural
83300,Rancher�a Vi�edos del Pozzo,Rural
83300,Rancher�a Rancho Sonora,Rural
83303,Ejido Mesa del Seri,Rural
83303,Ejido Molino de Camou (San Isidro),Rural
83303,Ejido Topahue,Rural
83303,Pueblo San Jos� de Gracia,Rural
83303,Rancher�a San Francisco de Batuc,Rural
83303,Fraccionamiento Hacienda de los Valencia,Rural
83303,Ejido El Alamito Buenavista (El Tronconal),Rural
83303,Ejido San Juan,Rural
83303,Rancher�a Agropecuaria el Salvador,Rural
83303,Rancher�a Alberto Bustamante,Rural
83303,Rancher�a Alejandro C�rdova (El Alamito),Rural
83303,Rancher�a Andr�s Beltr�n,Rural
83303,Rancher�a Apolo,Rural
83303,Rancher�a Arivechi,Rural
83303,Rancher�a Armando Ram�rez,Rural
83303,Rancher�a Buena Vista,Rural
83303,Fraccionamiento Buena Vista [Fraccionamiento Campestre],Rural
83303,Rancher�a Campestre San Isidro,Rural
83303,Rancher�a Campo Nuevo,Rural
83303,Rancher�a Campo Sergio L�pez Luna,Rural
83303,Rancher�a Elmer Garc�a,Rural
83303,Rancher�a Cerro las Hormigas (Jes�s Mario),Rural
83303,Rancher�a Chano Quintero,Rural
83303,Rancher�a Crisosa (Cribadora de Sonora),Rural
83303,Rancher�a San Miguel,Rural
83303,Rancher�a Danny,Rural
83303,Rancher�a Din�mica del Pac�fico (Santa Fe),Rural
83303,Rancher�a Don Nazario,Rural
83303,Rancher�a El Abra,Rural
83303,Rancher�a El Terreno,Rural
83303,Rancher�a El Chinalito,Rural
83303,Rancher�a El Alamo [Fraccionamiento Campestre],Rural
83303,Rancher�a El Barz�n,Rural
83303,Equipamiento Constructora Elga,Rural
83303,Rancher�a El Alamito (Campo el Chale),Rural
83303,Rancher�a El Bofito,Rural
83303,Rancher�a El Cable (Santa Mercedes),Rural
83303,Rancher�a El Cachoral,Rural
83303,Rancher�a El Caj�n Verde,Rural
83303,Rancher�a El Campito,Rural
83303,Ejido El Campito,Rural
83303,Rancher�a El Campito Monta�o,Rural
83303,Rancher�a El Cant�n,Rural
83303,Rancher�a El Chiltep��n,Rural
83303,Rancher�a El Cimarr�n,Rural
83303,Rancher�a El Coyote,Rural
83303,Rancher�a El Cuatro,Rural
83303,Rancher�a El Esfuerzo,Rural
83303,Ejido El Garambullo,Rural
83303,Rancher�a El Garambullo,Rural
83303,Rancher�a El Laberinto,Rural
83303,Rancher�a El Maguachi,Rural
83303,Rancher�a El Milagro,Rural
83303,Granja El Milagro [Porc�cola],Rural
83303,Rancher�a El Mois�s,Rural
83303,Rancher�a El Molino,Rural
83303,Rancher�a El Nomo,Rural
83303,Rancher�a El Papalote,Rural
83303,Rancher�a El Pared�n,Rural
83303,Rancher�a El Pared�n Dos,Rural
83303,Rancher�a El Pinal (El Alamito),Rural
83303,Rancher�a El Pozo,Rural
83303,Rancher�a El Pozo Nuevo,Rural
83303,Rancher�a El Ranchito,Rural
83303,Rancher�a El Rancho,Rural
83303,Ejido El Realito,Rural
83303,Rancher�a El Recobeco,Rural
83303,Rancher�a El Recodo,Rural
83303,Rancher�a El Resbaladero,Rural
83303,Rancher�a El Resbaladero Dos,Rural
83303,Rancher�a El R�o,Rural
83303,Rancher�a El Rodeo,Rural
83303,Ejido El Sacrificio,Rural
83303,Rancher�a El Sahuaro,Rural
83303,Rancher�a El Sauzaba,Rural
83303,Rancher�a El Tejab�n,Rural
83303,Rancher�a El Temporal,Rural
83303,Rancher�a El Tren Grande,Rural
83303,Rancher�a El Zanj�n,Rural
83303,Rancher�a Fernando Molina Lord,Rural
83303,Fraccionamiento Fraccionamiento Campestre la Colmena,Rural
83303,Rancher�a Francisco Bustamante,Rural
83303,Ejido Fructuoso M�ndez,Rural
83303,Rancher�a Guadalupe,Rural
83303,Ejido Guadalupe,Rural
83303,Rancho San Juacico Bajo,Rural
83303,Rancher�a Instituto de Tratamiento y Aplicaci�n para Ad,Rural
83303,Ejido Jacinto L�pez (La Galera),Rural
83303,Rancher�a Jes�s Ram�rez (El Alamito),Rural
83303,Rancher�a Jorge Camou,Rural
83303,Rancher�a Jorge Rosales,Rural
83303,Rancher�a Juan Barrera Navarro,Rural
83303,Rancher�a Juan Silvestre,Rural
83303,Rancher�a La Casita,Rural
83303,Rancher�a La Chicharra,Rural
83303,Rancher�a La Chinapita,Rural
83303,Rancher�a La Colmena (Pozo Cuatro) [Huerta],Rural
83303,Rancher�a La Cote�a,Rural
83303,Rancher�a La Cuesta [Engorda],Rural
83303,Rancher�a La Esperanza (Ren� Sicre),Rural
83303,Rancher�a La Galera,Rural
83303,Rancher�a La Laguna,Rural
83303,Rancher�a La Loma (La Lomita),Rural
83303,Rancher�a La Mosa (El Campo del Capi),Rural
83303,Ejido La Nopalera,Rural
83303,Rancher�a La Palapa,Rural
83303,Rancher�a La Pomona,Rural
83303,Rancher�a La Postera,Rural
83303,Rancher�a La Poza,Rural
83303,Rancher�a La Pradera,Rural
83303,Rancher�a La Quinta,Rural
83303,Rancher�a La Reforma,Rural
83303,Rancher�a La Rinconada (Los Boris),Rural
83303,Rancher�a La Rosillita del Chino,Rural
83303,Rancher�a La Victoria,Rural
83303,Rancher�a La Victoria (Francisco Quiroga) [Establo],Rural
83303,Rancher�a La Victoria (La Crinolina) [Corrales],Rural
83303,Rancher�a L�grimas Ranch,Rural
83303,Rancher�a Las Albercas [Campestre],Rural
83303,Rancher�a Las Cruces,Rural
83303,Rancher�a Las Milpas,Rural
83303,Rancher�a Las Praderas,Rural
83303,Rancher�a Las Zayas,Rural
83303,Rancher�a Latifundio San Jorge,Rural
83303,Rancher�a Leobardo Miranda,Rural
83303,Rancher�a Leopoldo S�nchez,Rural
83303,Rancher�a Lino Mart�nez,Rural
83303,Rancher�a Los Camichines [Agropecuaria],Rural
83303,Rancher�a Los Chinos,Rural
83303,Rancher�a Los Chirriones,Rural
83303,Rancher�a Los Dos R�os,Rural
83303,Rancher�a Los Ingenieros,Rural
83303,Rancher�a Los Lare�os (La Iguana),Rural
83303,Rancher�a Los Mill�n,Rural
83303,Rancher�a Los Nogales,Rural
83303,Ejido Los Nogales,Rural
83303,Rancher�a Los Temporales,Rural
83303,Rancher�a Lotes Campestres CESUES,Rural
83303,Rancher�a Lux,Rural
83303,Rancher�a Madero,Rural
83303,Rancher�a Manuel Avila Saavedra,Rural
83303,Rancher�a Manuel Durazo,Rural
83303,Rancher�a Marl�n,Rural
83303,Rancher�a Misi�n de San Jos�,Rural
83303,Rancher�a Norababi,Rural
83303,Rancher�a Parcela Janeth,Rural
83303,Granja Porc�cola Brival,Rural
83303,Rancher�a Porc�cola San Armando,Rural
83303,Rancher�a Pozo de Toyos,Rural
83303,Rancher�a Pozo Nuevo,Rural
83303,Rancher�a Predio Guadalupe,Rural
83303,Rancher�a Ram�n Morales Durazo (El Pipi),Rural
83303,Rancher�a Rancho Diana,Rural
83303,Rancher�a Rancho L�pez,Rural
83303,Rancher�a Rancho Noriega,Rural
83303,Rancher�a Real del Molinito [Campestre],Rural
83303,Rancher�a R�o Sol,Rural
83303,Rancher�a Rosilla de Salazar,Rural
83303,Rancher�a Rub�n Silva (El Alamito),Rural
83303,Rancher�a Sacramento,Rural
83303,Ejido Sacramento,Rural
83303,Rancher�a San Agust�n (El Toti),Rural
83303,Rancher�a San Alberto (Campo la Loma),Rural
83303,Rancher�a San Antonio,Rural
83303,Ejido San Antonio,Rural
83303,Rancher�a San Bartolo,Rural
83303,Rancher�a San Eduardo Dos,Rural
83303,Rancher�a San Eduardo Uno,Rural
83303,Rancher�a San Ernesto,Rural
83303,Rancher�a San Felipe,Rural
83303,Rancher�a San Fernando,Rural
83303,Rancher�a San Francisco,Rural
83303,Ejido San Francisquito,Rural
83303,Rancher�a San Ger�nimo,Rural
83303,Rancher�a San Joaqu�n (Mayola),Rural
83303,Rancher�a San Jos�,Rural
83303,Ejido San Jos�,Rural
83303,Rancher�a San Juan de los Pinos,Rural
83303,Rancher�a San Juan del R�o,Rural
83303,Rancher�a San Juanico el Alto (La Victoria),Rural
83303,Rancher�a San Judas,Rural
83303,Rancher�a San Mart�n,Rural
83303,Rancher�a San Mart�n,Rural
83303,Rancher�a San Nicol�s,Rural
83303,Rancher�a San Rafael,Rural
83303,Rancher�a San Ram�n,Rural
83303,Rancher�a San Salvador,Rural
83303,Ejido San Salvador,Rural
83303,Rancher�a Santa Catalina,Rural
83303,Rancher�a Santa Cruz,Rural
83303,Ejido Santa Cruz,Rural
83303,Rancher�a Santa Eduwiges,Rural
83303,Rancher�a Santa Elena,Rural
83303,Rancher�a Santa Emilia,Rural
83303,Rancher�a Santa Estela,Rural
83303,Rancher�a Santa Guadalupe,Rural
83303,Rancher�a Santa Laura,Rural
83303,Rancher�a Santa Mar�a (Ricardo Jaime),Rural
83303,Rancher�a Santa Martha,Rural
83303,Rancher�a Santa Martha,Rural
83303,Rancher�a Santa Patricia,Rural
83303,Rancher�a Santa Rosa,Rural
83303,Rancher�a Santa Rosa,Rural
83303,Rancher�a Santa Teresita,Rural
83303,Rancher�a Sierra Grande Alimentos,Rural
83303,Rancher�a Sociedad Agr�cola San Francisco de Batuc,Rural
83303,Rancher�a Tacupeto,Rural
83303,Rancher�a La Tezota,Rural
83303,Rancher�a Tierra Bonita [Campestre],Rural
83303,Rancher�a Tres Pueblos,Rural
83303,Rancher�a UGRS,Rural
83303,Rancher�a Valle Verde,Rural
83303,Rancher�a Villa Luc�a,Rural
83303,Rancher�a Viveros Guayacanes,Rural
83303,Equipamiento CFE Central Ciclo Combinado Hermosillo,Rural
83304,Ejido El Tazajal,Rural
83304,Equipamiento Universidad del Valle de M�xico,Urbano
83304,Equipamiento Block Carolina,Rural
83304,Equipamiento Block Mexicano de Tacupeto,Rural
83304,Equipamiento Colegio Irland�s,Urbano
83304,Rancher�a Charro Granillo,Rural
83304,Rancher�a Isdamar,Rural
83304,Rancher�a Corrales San Jos�,Rural
83304,Rancher�a El Chaparral [Fraccionamiento],Rural
83304,Rancher�a El Crucero (Cuchilla la Pagasa),Rural
83304,Rancher�a El Seri,Rural
83304,Fraccionamiento Las Riberas,Urbano
83304,Zona comercial Gimports de M�xico,Urbano
83304,Rancher�a La Casona,Rural
83304,Ejido La Victoria,Rural
83304,Rancher�a Los Juancitos,Rural
83304,Rancher�a Molino Trujillo,Rural
83304,Rancho Montecasino,Urbano
83304,Rancher�a Paloma Agroindustrial,Rural
83304,Zona industrial Porc�cola Dolores,Urbano
83304,Rancho El Tazajal,Rural
83304,Zona industrial Prefabricados de Concreto (PYPCO),Urbano
83304,Zona industrial Salvador Quijada Jim�nez (SQTECH),Urbano
83304,Zona industrial Parque Industrial Luvira,Urbano
83304,Rancho San Quilmas,Urbano
83304,Rancher�a La Piedra,Rural
83304,Ejido Santa Margarita,Rural
83304,Rancher�a Santa Rita,Rural
83304,Rancher�a Din�mica del Pac�fico,Rural
83304,Zona comercial Taller Mec�nico Di�sel,Urbano
83304,Equipamiento Viva Sonora,Rural
83305,Pueblo San Pedro o el Saucito (San Pedro el Saucito),Urbano
83306,Colonia La Cruz,Rural
83306,Rancher�a El Alba�il,Rural
83306,Rancher�a El Baj�o (Boj�rquez),Rural
83306,Rancher�a El Baluarte,Rural
83306,Rancher�a El Yuguito,Rural
83306,Rancher�a Ixpalia,Rural
83306,Rancher�a Kino,Rural
83306,Rancher�a Las Candelarias,Rural
83306,Rancher�a Las Norias,Rural
83306,Rancher�a Palos Grandes (El Mono),Rural
83306,Rancher�a Productos Congelados del Noroeste,Rural
83306,Rancher�a San Francisco,Rural
83306,Rancher�a San Isidro,Rural
83306,Ejido San Isidro,Rural
83306,Rancher�a San Lorenzo,Rural
83306,Rancher�a San Marcos,Rural
83306,Rancher�a Santa Teresa de la Cruz,Rural
83306,Rancher�a Tierra Blanca,Rural
83306,Rancher�a TM Winco,Rural
83307,Rancher�a El Consuelo,Rural
83307,Rancher�a El Pilar,Rural
83307,Rancher�a El Represito,Rural
83307,Rancher�a Ganadera Gapa,Rural
83307,Rancher�a La Mina (Retiros Espirituales),Rural
83307,Rancher�a La Palma,Rural
83307,Rancher�a La Poza (Bloquera),Rural
83307,Rancher�a La Trinchera,Rural
83307,Hacienda Los �ngeles [Hacienda],Rural
83307,Rancher�a Los Chinos,Rural
83307,Rancher�a Los Polvorines,Rural
83307,Rancher�a Proveedora de Insumos Mineros SA,Rural
83307,Rancher�a San Francisco,Rural
83307,Rancher�a Santa Cruz Uno,Rural
83307,Rancher�a Todos Santos,Rural
83309,Zona industrial Cementos Holcim Apasco [Cementera],Rural
83310,Rancher�a Las V�boras,Rural
83310,Rancher�a Cerro de la Virgen,Rural
83310,Rancher�a Club de Caza Tirocapes,Rural
83310,Rancher�a Club de Tiro y Caza Mazocahui,Rural
83310,Rancher�a Distribuciones Kino,Rural
83310,Fraccionamiento El Real del Catorce,Rural
83310,Rancher�a El Represo,Rural
83310,Equipamiento Equipos y Explosivos de Sonora,Rural
83310,Rancher�a Ganadera Contreras,Rural
83310,Rancher�a La Caba�a del Mochomo,Rural
83310,Ejido Campestre la Yesca,Rural
83310,Rancher�a La Poza,Rural
83310,Rancher�a Las V�boras,Rural
83310,Rancher�a Los Dos Hermanos,Rural
83310,Colonia Los Pinos (Adolfo L�pez Mateos),Rural
83310,Rancher�a Los Talayotes,Rural
83310,Rancher�a Manuel S�nchez,Rural
83310,Rancher�a Nueva Ilusi�n [Campestre],Rural
83310,Rancher�a Pitic Explosivos,Rural
83310,Rancher�a San Francisco,Rural
83310,Rancher�a San Ram�n (Hezaki Quihuis),Rural
83310,Zona industrial Uni�n de Ladrilleros Potrero de Bushuard,Urbano
83313,Rancher�a Benito Ju�rez (Secci�n Tres),Rural
83313,Rancher�a Benito Ju�rez (Sector Cinco),Rural
83313,Rancher�a Cruz G�lvez (El Caporal),Rural
83313,Rancher�a El Baj�o,Rural
83313,Rancher�a El Gatal (Santa Teresa),Rural
83313,Rancher�a El Or�gano,Rural
83313,Rancher�a El Pozo,Rural
83313,Rancher�a El Salado,Rural
83313,Rancher�a La Genoveva,Rural
83313,Rancher�a La Herradura,Rural
83313,Rancher�a La Miura,Rural
83313,Rancher�a La Palma,Rural
83313,Rancher�a La Pimienta,Rural
83313,Rancher�a La Pintada,Rural
83313,Ejido La Pintada,Rural
83313,Rancher�a La Pintada [Restaurante],Rural
83313,Rancher�a La Primavera,Rural
83313,Rancher�a Las Empanadas,Rural
83313,Rancher�a Las Teresitas (1333),Rural
83313,Rancher�a Loma Prieta,Rural
83313,Rancher�a Los Pocitos,Rural
83313,Rancher�a Rinc�n de Guadalupe las Avispas,Rural
83313,Rancher�a San Alberto,Rural
83313,Rancher�a San Antonio,Rural
83313,Rancher�a San Isidro,Rural
83313,Rancher�a San Luis,Rural
83313,Rancher�a San Mart�n (Caj�n del Diablo),Rural
83313,Rancher�a San Pablo,Rural
83313,Rancher�a Santa Eduwiges,Rural
83314,Rancher�a El Apenitas,Rural
83314,Rancher�a El Chaparral,Rural
83314,Rancher�a El Desenga�o,Rural
83314,Rancher�a El Gatal,Rural
83314,Rancher�a El Milagro,Rural
83314,Rancher�a El Tesal,Rural
83314,Rancher�a El Tojungo Sur,Rural
83314,Rancher�a El Tori,Rural
83314,Rancher�a El Tucson,Rural
83314,Rancher�a La Infamia,Rural
83314,Rancher�a La Sierrita,Rural
83314,Rancher�a La Trinidad,Rural
83314,Rancher�a San Francisco,Rural
83314,Ejido San Francisco,Rural
83314,Rancher�a San Jos�,Rural
83314,Rancher�a San Juan (Campo Nuevo),Rural
83314,Rancher�a Santa Margarita,Rural
83314,Rancher�a Siberia Uno,Rural
83315,Ejido El Sapo,Rural
83315,Rancher�a Buenavista,Rural
83315,Rancher�a Crucero (Cuatro y Veintis�is),Rural
83315,Rancher�a El Alamo,Rural
83315,Rancher�a El Apache,Rural
83315,Rancher�a El Barcelonet,Rural
83315,Rancher�a El Carmen,Rural
83315,Rancher�a El Carrizo,Rural
83315,Rancher�a El Chamizal,Rural
83315,Rancher�a El Cholay (Santa Mar�a),Rural
83315,Rancher�a El Consejo,Rural
83315,Rancher�a El Diamante,Rural
83315,Rancher�a El Diamante Dos,Rural
83315,Rancher�a El Diamante Tres,Rural
83315,Rancher�a El Gramal,Rural
83315,Rancher�a El Huarache,Rural
83315,Rancher�a El Machete,Rural
83315,Rancher�a El Mayo,Rural
83315,Rancher�a El Quetzal (El Cholay),Rural
83315,Rancher�a El Tepachi,Rural
83315,Rancher�a El Yucateco 6,Rural
83315,Rancher�a El Yucateco Uno,Rural
83315,Rancher�a La Aurora,Rural
83315,Rancher�a La Cuichi (Pel�cano),Rural
83315,Rancher�a La Estrella,Rural
83315,Rancher�a La Gaviota,Rural
83315,Rancher�a Las Carretas,Rural
83315,Rancher�a Las V�rgenes Cinco,Rural
83315,Rancher�a Las V�rgenes Cuatro,Rural
83315,Rancher�a Las V�rgenes N�mero Uno,Rural
83315,Rancher�a Las V�rgenes Tres,Rural
83315,Rancher�a Los Cuatitos (Siberia Tres),Rural
83315,Rancher�a Los Huicos,Rural
83315,Rancher�a Los Pericos (El Cholay),Rural
83315,Rancher�a Pierson (Las V�rgenes Dos),Rural
83315,Rancher�a Pozos Orozco,Rural
83315,Rancher�a Rancho San Pascual,Rural
83315,Rancher�a Mechudo [San Agust�n],Rural
83315,Rancher�a San Alfredo,Rural
83315,Rancher�a San Juanico,Rural
83315,Rancher�a San Ram�n,Rural
83315,Rancher�a San Salvador,Rural
83315,Rancher�a Santa Carmen,Rural
83315,Rancher�a Santa Isabel,Rural
83315,Rancher�a Santo Ni�o,Rural
83315,Rancher�a Siberia Dos,Rural
83315,Rancher�a Tetabiate (Las V�rgenes Seis),Rural
83316,Ejido El Choyudo (Los Japoneses),Rural
83316,Ejido El Colorado,Rural
83316,Ejido Tastiota,Rural
83316,Granja Acu�cola Tastiota,Rural
83316,Rancher�a Granja Genitch,Rural
83316,Rancher�a Crucero Doce y Veintiséis,Rural
83316,Rancher�a El Gato,Rural
83316,Rancher�a Lic. Ignacio Ram�rez y su anexo San Pedro [NCPE],Rural
83316,Rancher�a El Pedernal Tres,Rural
83316,Rancher�a El Retiro,Rural
83316,Rancher�a Floresta,Rural
83316,Rancher�a El Sagrado (La Victoria),Rural
83316,Rancher�a El Sauz,Rural
83316,Rancher�a Establo la Tesota (Tesota),Rural
83316,Rancher�a San Carlitos,Rural
83316,Rancher�a Guadalupe de Jes�s,Rural
83316,Rancher�a San Fernando,Rural
83316,Rancher�a La Chacra,Rural
83316,Rancher�a La Chueca,Rural
83316,Rancher�a La Higuerita,Rural
83316,Rancher�a Larvas Génesis,Rural
83316,Rancher�a Las Cadenas,Rural
83316,Equipamiento Las Conchas (Tortillería),Rural
83316,Rancher�a Las Lilas,Rural
83316,Rancher�a Los Corralitos,Rural
83316,Ejido Los Corralitos,Rural
83316,Rancho Los Corralitos,Rural
83316,Rancher�a Mar�a Belem,Rural
83316,Rancher�a Nuevo Suaqui,Rural
83316,Ejido Puerto Arturo,Rural
83316,Rancher�a Rancho Santa Rosa,Rural
83316,Rancher�a San Agust�n,Rural
83316,Rancher�a San Carlos,Rural
83316,Rancher�a San Carlos (El Pocito),Rural
83316,Rancher�a San Francisco (El Sahuaral),Rural
83316,Rancher�a San Gerardo,Rural
83316,Rancher�a San Joel,Rural
83316,Rancher�a San Miguel,Rural
83317,Rancher�a Plan de Ayala,Rural
83317,Rancher�a 20 de Noviembre,Rural
83317,Rancher�a 20 de Noviembre Dos,Rural
83317,Rancher�a 20 de Noviembre Tres,Rural
83317,Rancher�a 20 Noviembre Cuatro,Rural
83317,Granja Granja Aqua Nova,Rural
83317,Granja Acu�cola Polo,Rural
83317,Granja Acu�cola Selecta,Rural
83317,Rancher�a Dios Est� Contigo (DEC los Pinos),Rural
83317,Ejido El Cardonal,Rural
83317,Rancher�a El Cinco (El Refugio),Rural
83317,Rancher�a La Capilla,Rural
83317,Rancher�a Granja Acuicola Genitech,Rural
83317,Rancher�a Miguel Alem�n (Santa Cruz),Rural
83317,Rancher�a Sahuímero,Rural
83317,Rancher�a San Alfonso,Rural
83317,Rancher�a San Carlos (Empaque San Carlos),Rural
83317,Rancher�a San Juan,Rural
83317,Rancher�a San Rafael,Rural
83317,Rancher�a Viva M�xico,Rural
83320,Rancher�a Bella Vista,Rural
83320,Rancher�a Cuadra Am�rica,Rural
83320,Rancher�a Cuadra los Locos,Rural
83320,Rancher�a El Agachado,Rural
83320,Rancher�a El Arenoso,Rural
83320,Ejido El Agachado,Rural
83320,Rancher�a El Game�o,Rural
83320,Rancher�a El Papalote,Rural
83320,Rancher�a El Ranchito (Alejandro Camou),Rural
83320,Rancher�a Francisco Javier Fiel,Rural
83320,Ejido La Aurora,Rural
83320,Rancher�a La Escondida (V�ctor Leyva),Rural
83320,Rancher�a La Escopeta (Los Guayacanes),Rural
83320,Equipamiento La Mesita de los Cardenales (Roberto Cruz T.),Rural
83320,Rancher�a La Pitahaya,Rural
83320,Rancher�a La Reforma,Rural
83320,Rancher�a Alejandro Ortega,Rural
83320,Rancher�a Campo Abierto (Luis Medina Ramonet),Rural
83320,Rancher�a Las Pe�as,Rural
83320,Rancher�a L�zaro Peraza,Rural
83320,Rancher�a Los Apaches,Rural
83320,Rancher�a Los Castillo,Rural
83320,Rancher�a Los Coyotes,Rural
83320,Rancher�a Los Palos Rosados,Rural
83320,Rancher�a Los Talayotes,Rural
83320,Rancher�a Plastimarmol,Rural
83320,Equipamiento Poster�a DARESA,Urbano
83320,Rancher�a Rancho Guadalupe,Rural
83320,Rancher�a San Antonio,Rural
83320,Rancher�a San Blas,Rural
83320,Rancher�a San Diego,Rural
83320,Rancher�a Sociedad Cooperativa Veinticuatro de Febrero,Urbano
83320,Rancher�a Uni�n de Ladrilleros Manuel Dorado,Rural
83320,Rancher�a Valenzuela Hermanos,Urbano
83323,Ejido Las Placitas,Rural
83323,Ejido La Yesca,Rural
83323,Ejido Los Choros (Predio Veintiuno),Rural
83323,Rancher�a Agropecuaria Jam,Rural
83323,Ejido Agroqu�micos JAM,Rural
83323,Granja Agropecuaria Punta Baja (Casa Blanca),Rural
83323,Equipamiento Hip�dromo de Hermosillo,Rural
83323,Rancher�a Grupo Industrial Bujanda,Rural
83323,Rancher�a Campo el Aguila,Rural
83323,Rancher�a Carbonera Francisco Arenas,Rural
83323,Rancher�a Chico Parra,Rural
83323,Rancher�a Corrales San Juanero,Rural
83323,Rancher�a Cuadra las Quintas,Rural
83323,Ejido Cuadra las Quintas,Rural
83323,Ejido Cuadra Tecoripa,Rural
83323,Equipamiento Departamento de Agricultura y Ganedr�a,Rural
83323,Rancher�a El Arenal,Rural
83323,Rancher�a El Bola,Rural
83323,Ejido El Chanate,Rural
83323,Rancher�a El Cincuenta,Rural
83323,Rancher�a El Latifundio,Rural
83323,Rancher�a El Pegoste,Rural
83323,Rancher�a El Potrero,Rural
83323,Rancher�a El Represito del Padre,Rural
83323,Ejido Europa N�mero Dos,Rural
83323,Rancher�a Granja Santa Raquel,Rural
83323,Rancher�a Virgo [Proyectos y Construcciones],Rural
83323,Rancher�a Jardines del Para�so,Rural
83323,Rancher�a Jauri,Rural
83323,Rancher�a Parcela de Nieves (Ram�n G�lvez),Rural
83323,Rancher�a Jos� Arturo Vega,Rural
83323,Rancher�a Jos� Parra,Rural
83323,Rancher�a La Bachata,Rural
83323,Rancher�a La Fortuna,Rural
83323,Rancher�a La Gallinita,Rural
83323,Rancher�a La Loma,Rural
83323,Rancher�a La Milpita,Rural
83323,Rancher�a La Mora,Rural
83323,Ejido La Pea�a,Rural
83323,Rancher�a La Valenciana (La Pea�a),Rural
83323,Rancher�a La Valenciana Dos,Rural
83323,Rancher�a La Valenciana Uno [Huerta],Rural
83323,Rancher�a La Yeya,Rural
83323,Rancher�a Las Bebelamas,Rural
83323,Rancher�a Las Palmas [Vi�edo],Rural
83323,Rancher�a Las Palomas,Rural
83323,Rancher�a Las Tomasas,Rural
83323,Rancher�a Las Tres Mar�as,Rural
83323,Rancher�a L�zaro,Rural
83323,Rancher�a Los Cochitos (Los Cochitos UNISON),Rural
83323,Equipamiento Temazcalli Eco [Hotel Spa],Rural
83323,Rancher�a Lupe Romero,Rural
83323,Rancher�a Maclasa (CAMSA),Rural
83323,Rancher�a Mada,Rural
83323,Equipamiento Maquilas y Materiales Prensados,Rural
83323,Rancher�a Ana Alicia Romero,Rural
83323,Rancher�a Gilberto Durazo Gaxiola,Rural
83323,Rancher�a Milpa Baja,Rural
83323,Rancher�a Montana,Rural
83323,Rancher�a Montero,Rural
83323,Rancher�a Pancho Estrada,Rural
83323,Rancher�a Porc�cola Yaco,Rural
83323,Rancher�a El Teniente,Rural
83323,Rancher�a Ranchetes Santa Luc�a,Rural
83323,Rancher�a Rancho de Rend�n,Rural
83323,Rancher�a Represo de Escalante,Rural
83323,Colonia Rosal�a Parra,Urbano
83323,Rancher�a San Antonio (La Loma),Rural
83323,Rancher�a San Eduardo (La Isla),Rural
83323,Rancher�a San Fernando,Rural
83323,Rancher�a San Joaqu�n,Rural
83323,Rancher�a San Jos� de las Palmas,Rural
83323,Rancher�a San Juan,Rural
83323,Rancher�a San Juanero,Rural
83323,Rancher�a Santa Cecilia (La Escondida),Rural
83323,Rancher�a Santa Cecilia (Licona),Rural
83323,Rancher�a Santa Eduwiges,Rural
83323,Rancher�a Villa Santa Gabriela,Rural
83323,Rancher�a Santa Mar�a del Bajo (Seminario),Rural
83323,Rancher�a Severo Moreno (La Pea�a),Rural
83323,Rancher�a Siete Cerros,Rural
83323,Rancher�a Tepeyac,Rural
83323,Rancher�a Tom�s Valencia,Rural
83323,Rancher�a Trini Pesqueira,Rural
83323,Rancher�a Vi�edos Dolisa,Rural
83324,Rancher�a Santa Teresa,Rural
83324,Rancher�a El Fundador,Rural
83324,Ejido San Luis,Rural
83324,Rancher�a AMSA (TIASA),Rural
83324,Rancher�a Bervano,Rural
83324,Rancher�a Campo Santa Teresita,Rural
83324,Equipamiento Campo el Grande,Rural
83324,Rancher�a Campo Grande N�mero Dos,Rural
83324,Rancher�a Carlota Amalia,Rural
83324,Rancher�a Desarrollo,Rural
83324,Rancher�a Dos Tri�ngulos,Rural
83324,Ejido Ejido Nuevo San Miguel,Rural
83324,Rancher�a El Baj�o,Rural
83324,Rancher�a El Cerro,Rural
83324,Rancher�a El Garambullo,Rural
83324,Rancher�a El Guamuchilar (Centrito),Rural
83324,Rancher�a El Jabalí,Rural
83324,Rancher�a El Jacalito,Rural
83324,Rancher�a El Lucero,Rural
83324,Rancher�a El Mariachi,Rural
83324,Rancher�a El Muertito,Rural
83324,Rancher�a El Nuevo Tejab�n,Rural
83324,Rancher�a El Piave,Rural
83324,Rancher�a El Pocito,Rural
83324,Rancher�a El Porvenir,Rural
83324,Rancher�a El Refugio,Rural
83324,Rancher�a El Sacrificio,Rural
83324,Rancher�a El Tecolote,Rural
83324,Rancher�a El Tejab�n (Ignacio Careaga),Rural
83324,Rancher�a El Tojungo Dos,Rural
83324,Rancher�a El Veinte (La Pea�a),Rural
83324,Rancher�a Establo Dolisa,Rural
83324,Rancher�a Janneth,Rural
83324,Rancher�a La Base (Los Hoyos),Rural
83324,Rancher�a La Brea,Rural
83324,Rancher�a La Breita (Santa Amelia),Rural
83324,Rancher�a La Bura,Rural
83324,Rancher�a La Chine�a,Rural
83324,Rancher�a La Esperanza,Rural
83324,Rancher�a La Estaci�n Dessens,Rural
83324,Rancher�a La Garita,Rural
83324,Ejido La Habana [Establo],Rural
83324,Granja La Habana [Porc�cola y Av�cola],Rural
83324,Ejido La Habana N�mero Dos,Rural
83324,Rancher�a La Habana N�mero Uno,Rural
83324,Ejido La Habana Tres,Rural
83324,Ejido La Paloma,Rural
83324,Rancher�a La Paloma,Rural
83324,Rancher�a La Polka,Rural
83324,Rancher�a La Puntada,Rural
83324,Rancher�a La Tinajita,Rural
83324,Rancher�a Las Abejas,Rural
83324,Rancher�a Loma Prieta,Rural
83324,Rancher�a Los Alamitos,Rural
83324,Rancher�a Los Mexicanos,Rural
83324,Rancher�a Los Pocitos,Rural
83324,Granja El Europa,Rural
83324,Rancher�a Monserrat 2,Rural
83324,Rancher�a Montserrat,Rural
83324,Rancher�a NCPE Ignacio Zaragoza (El Chicotazo),Rural
83324,Rancher�a Ni�os Hero�s,Rural
83324,Rancher�a Nuevo Guadalupe de Jes�s (San Blas),Rural
83324,Rancher�a Padre Kino [Agr�cola],Rural
83324,Rancher�a Palo Verde,Rural
83324,Rancher�a P�njamo,Rural
83324,Rancher�a Pinos Altos (Santa Bertha),Rural
83324,Rancher�a Plutarco El�as Calles,Rural
83324,Rancher�a Sacramento,Rural
83324,Rancher�a Salvador Alvarado,Rural
83324,Rancher�a San Alfredo,Rural
83324,Rancher�a San Benito,Rural
83324,Rancher�a San Francisco,Rural
83324,Rancher�a San Jorge,Rural
83324,Rancher�a San Juan,Rural
83324,Rancher�a San Marcos,Rural
83324,Rancher�a San Mart�n,Rural
83324,Rancher�a San Miguel,Rural
83324,Rancher�a San Pascual,Rural
83324,Rancher�a San Pedro,Rural
83324,Rancher�a San Valent�n (El Pozo),Rural
83324,Rancher�a Santa Amelia,Rural
83324,Rancher�a Santa Aurelia,Rural
83324,Rancher�a Santa Daniela (Santa Cecilia),Rural
83324,Rancher�a Santa Elena,Rural
83324,Rancher�a Santa Emilia,Rural
83324,Rancher�a Santa Laura,Rural
83324,Rancher�a Santa Mar�a,Rural
83324,Rancher�a Santa Rita,Rural
83324,Rancher�a Santa Teresa la Concordia (El Copechi),Rural
83324,Rancher�a Siete Cerros (Cero Norte),Rural
83324,Rancher�a Taliamento,Rural
83324,Rancher�a Tejab�n de Soto,Rural
83324,Rancher�a Veintitr�s de Octubre (La Biznaga),Rural
83324,Rancher�a Vin�cola Pitic,Rural
83324,Rancher�a Vi�edo Proyecto Vid (El Buelna),Rural
83325,Equipamiento Centro de Readaptaci�n Social Dos,Rural
83325,Rancher�a Alejandro Carrillo Marcor,Rural
83325,Rancher�a Piamonte,Rural
83325,Rancher�a Antonio Narro (Don Rodrigo),Rural
83325,Ejido Antonio Narro (Vanesa),Rural
83325,Ejido Aquiles Serd�n (Santa In�s),Rural
83325,Rancher�a Club Deportivo Hermosillense,Rural
83325,Rancher�a Corocis (Fumicus),Rural
83325,Ejido Don Luis,Rural
83325,Rancher�a Vi�as de la Costa (El Chamizal),Rural
83325,Rancher�a El Chino,Rural
83325,Rancher�a El Mezquital del Oro (El Aguila),Rural
83325,Rancher�a El Socorro,Rural
83325,Equipamiento Electro Sistemas Mexicanos,Rural
83325,Rancher�a Familia Huerta,Rural
83325,Rancher�a Familia Madrid,Rural
83325,Rancher�a Gr�as Cajeme,Rural
83325,Rancher�a Guadalupe,Rural
83325,Rancher�a Hacienda los Tesoros [Fraccionamiento],Rural
83325,Rancher�a Hema-Novina,Rural
83325,Rancher�a Kil�metro Cuarenta y Cuatro,Rural
83325,Rancher�a La Reyna,Rural
83325,Rancher�a Los Copales,Rural
83325,Rancher�a Los Pocitos,Rural
83325,Rancher�a Montecarlo,Rural
83325,Rancher�a El Rey,Rural
83325,Rancher�a Pilford,Rural
83325,Ejido Pilforito,Rural
83325,Rancher�a Rancho Morg�n,Rural
83325,Rancher�a Rancho San Francisco,Rural
83325,Rancher�a San Antonio Rend�n,Rural
83325,Rancher�a San Antonio Escalante (AGROPREMIER),Rural
83325,Rancher�a San Javier,Rural
83325,Rancher�a Santa Amelia,Rural
83325,Rancher�a Santa Anita,Rural
83325,Rancher�a Santa Carmela,Rural
83325,Rancher�a Santa In�s,Rural
83325,Rancher�a Santa Luc�a,Rural
83325,Rancher�a Santa Martha,Rural
83325,Rancher�a Campo Don Roberto,Rural
83326,Rancher�a Buenavista,Rural
83326,Rancher�a Durango,Rural
83326,Rancher�a El Beduino,Rural
83326,Rancher�a El Mauto,Rural
83326,Rancher�a El Pozo Prieto,Rural
83326,Rancher�a El Puerto,Rural
83326,Rancher�a La Cercada,Rural
83326,Rancher�a Pozo Nuevo (Rancho Nuevo),Rural
83326,Rancher�a San Carlos,Rural
83326,Rancher�a San Jos�,Rural
83326,Rancher�a San Mart�n,Rural
83327,Rancher�a Agua Blanca,Rural
83327,Rancher�a El Baj�o,Rural
83327,Rancher�a El Chilicote,Rural
83327,Rancher�a El Chino,Rural
83327,Rancher�a El Pocito,Rural
83327,Rancher�a El Represo,Rural
83327,Rancher�a El Socorro,Rural
83327,Rancho La Caridad,Rural
83327,Rancher�a La Coruba,Rural
83327,Rancher�a La Pitahaya,Rural
83327,Rancher�a La Sierrita de L�pez,Rural
83327,Rancher�a La Verde,Rural
83327,Rancher�a Lista Blanca,Rural
83327,Rancher�a Piedras Negras,Rural
83327,Rancher�a Placeritos,Rural
83327,Rancher�a Rancho Grande,Rural
83327,Rancher�a San Juanico,Rural
83327,Rancher�a San Judas Tadeo,Rural
83327,Rancher�a San Miguel,Rural
83327,Rancher�a San Ram�n,Rural
83328,Equipamiento CEFERESO 11 CPS Sonora,Rural
83330,Ejido Santa Rosita,Rural
83330,Rancher�a Bacoachi (Bacoachito),Rural
83330,Rancher�a Bella Vista (El Toro),Rural
83330,Rancher�a El Chalate,Rural
83330,Rancher�a El Chaparral,Rural
83330,Rancher�a El Gran Chaparral II,Rural
83330,Ejido El Pa�uelito,Rural
83330,Rancher�a Guerrero,Rural
83330,Rancher�a Juan Luis,Rural
83330,Rancher�a Juan Luis Uno,Rural
83330,Rancher�a Kil�metro Treinta y Seis (El Porvenir),Rural
83330,Rancher�a La Casona,Rural
83330,Rancher�a La Florida,Rural
83330,Rancher�a La Orejana,Rural
83330,Rancher�a Los Compadres,Rural
83330,Rancher�a Los Pa�uelos,Rural
83330,Rancher�a Rancho Santo Ni�o,Rural
83330,Rancher�a San Antonio,Rural
83330,Rancher�a San Fernando,Rural
83330,Rancher�a San Francisco,Rural
83330,Ejido San Francisco,Rural
83330,Rancher�a San Jos�,Rural
83330,Rancher�a San Roberto,Rural
83330,Rancher�a Santa Elena,Rural
83330,Rancher�a Santa Luc�a,Rural
83330,Rancher�a Santa Margarita (El Chaparral),Rural
83330,Rancher�a Vi�edo Campo Nuevo,Rural
83333,Ejido El Triunfo,Rural
83333,Ejido San Miguel,Rural
83333,Ejido Santa Elena,Rural
83333,Ejido Suaqui de la Candelaria,Rural
83333,Granja Agr�cola Do�a Lola (Las Playitas),Rural
83333,Granja Agr�cola Oremor (Santa Patricia),Rural
83333,Rancher�a Agrobal 6,Rural
83333,Rancher�a Agroindustrial de Sonora,Rural
83333,Granja Agroval Dos (Santa Martha Dos),Rural
83333,Rancher�a Alejandr�a Dos,Rural
83333,Rancher�a Alejandr�a Uno,Rural
83333,Rancher�a Basopa,Rural
83333,Rancher�a Campo Dulce (El Sahueso),Rural
83333,Rancher�a Campo Laura,Rural
83333,Rancher�a Campo Nuevo,Rural
83333,Rancher�a Campo San Luis,Rural
83333,Rancher�a Casas Grandes Dos (Pozo N�mero Dos),Rural
83333,Rancher�a Covadonga,Rural
83333,Rancher�a Desarrollo (Pericos Dos),Rural
83333,Ejido Campo Dolores,Rural
83333,Ejido Don Enrique,Rural
83333,Rancher�a Don Enrique,Rural
83333,Rancher�a El Azahar,Rural
83333,Rancher�a El Batepi,Rural
83333,Rancher�a El Bienestar,Rural
83333,Rancher�a El Caculla,Rural
83333,Ejido El Caculla,Rural
83333,Rancher�a El Chalate,Rural
83333,Rancher�a El Crucero (Cero Norte),Rural
83333,Rancher�a El Gorri�o,Rural
83333,Rancher�a El Guayparín (San Carlos),Rural
83333,Rancher�a El Japon�s,Rural
83333,Rancher�a El Magali,Rural
83333,Rancher�a El Manudo,Rural
83333,Rancher�a El Mohino,Rural
83333,Rancher�a El Pocito,Rural
83333,Ejido El Pocito (Orebalma),Rural
83333,Ejido El Porvenir,Rural
83333,Rancher�a El Rosario,Rural
83333,Rancher�a El Tatay (Santa Martha),Rural
83333,Rancher�a El Tobozal (El Infiernito),Rural
83333,Rancher�a El Tope,Rural
83333,Ejido El Triunfo,Rural
83333,Equipamiento Empaque Mar�a del Carmen,Rural
83333,Equipamiento Empaque San Enrique,Rural
83333,Rancher�a Hermanos Serd�n,Rural
83333,Rancher�a Jacalito (Kil�metro Cuarenta y Ocho),Rural
83333,Rancher�a Jes�s Garc�a (La Pozura),Rural
83333,Rancher�aJos� Mar�a Morelos y Pav�n,Rural
83333,Rancher�a La Choya,Rural
83333,Rancher�a La Escondida,Rural
83333,Rancher�a La Garulla,Rural
83333,Rancher�a La Horqueta,Rural
83333,Rancher�a La M�quina,Rural
83333,Rancher�a La Misi�n,Rural
83333,Rancher�a La Mocha (Padre Kino),Rural
83333,Rancher�a La Morena Dos,Rural
83333,Rancher�a Agropecuaria Sonorense,Rural
83333,Rancher�a La Ventanita,Rural
83333,Rancher�a La Yuta,Rural
83333,Rancher�a Las 3 B,Rural
83333,Rancher�a Las Palmitas,Rural
83333,Rancher�a Los Arroyos,Rural
83333,Ejido Los Arroyos,Rural
83333,Rancher�a Los Cuatro (Palermo),Rural
83333,Rancher�a Los Morales,Rural
83333,Rancher�a El Pozo,Rural
83333,Rancher�a Campo Luisa,Rural
83333,Rancher�a Manuel Avila Camacho,Rural
83333,Rancher�a Mar�a del Carmen,Rural
83333,Rancher�a San Jorge,Rural
83333,Rancher�a Monterrey,Rural
83333,Rancher�a Navolato,Rural
83333,Rancher�a Newberry,Rural
83333,Rancher�a El Olivar,Rural
83333,Ejido Perico Uno,Rural
83333,Rancher�a Real de los Ojos Negros (Tl�loc),Rural
83333,Rancher�a R�o Escondido,Rural
83333,Rancher�a R�o Sonora,Rural
83333,Rancher�a Rosario Perlette,Rural
83333,Rancher�a San Alberto,Rural
83333,Rancher�a San Alfonso,Rural
83333,Rancher�a San Arturo,Rural
83333,Rancher�a San Carlitos,Rural
83333,Rancher�a San Carlos,Rural
83333,Rancher�a San Enrique,Rural
83333,Rancher�a San Enrique (El Suspiro),Rural
83333,Rancher�a San Fernando,Rural
83333,Ejido San Fernando,Rural
83333,Rancher�a Loma Linda,Rural
83333,Rancher�a San Gustavo,Rural
83333,Rancher�a San Jos� (San Jos� de Maz�n),Rural
83333,Rancher�a San Leonardo,Rural
83333,Rancher�a San Marcos,Rural
83333,Granja San Ram�n,Rural
83333,Rancher�a Santa Ana,Rural
83333,Ejido Santa Ana,Rural
83333,Rancher�a Santa Cecilia,Rural
83333,Rancher�a Santa Eduwiges (Radio),Rural
83333,Rancher�a Santa Martha (Agroval Tres),Rural
83333,Rancher�a Santa Martha Cuatro (Agroval Cuatro),Rural
83333,Rancher�a Santa Martha Uno (El Molino),Rural
83333,Rancher�a Santo Ni�o (Casas Grandes),Rural
83333,Rancher�a Agroqu�mico JAM,Rural
83333,Rancher�a SubEstaci�n Costa Uno,Rural
83333,Rancher�a Terranova,Rural
83333,Ejido Terranova,Rural
83333,Rancher�a Veintiocho Norte la B�scula Overalma Dos,Rural
83333,Rancher�a Vicente Guerrero,Rural
83333,Rancher�a Vi�edo la Costa,Rural
83333,Rancher�a Vi�edo la Esperanza,Rural
83334,Rancho La Pea�a Nueva,Rural
83334,Ejido Santa Rosal�a,Rural
83334,Rancher�a Buenos Aires,Rural
83334,Rancher�a El Dorado,Rural
83334,Colonia Santa Elvira,Rural
83334,Zona industrial Parque Solar,Rural
83334,Granja Agropecuaria Rosa,Rural
83334,Granja Agroval Cinco (Santa Martha),Rural
83334,Rancher�a Compa Dos,Rural
83334,Rancher�a Am�rica,Rural
83334,Ejido Antonio Narro (El Perico),Rural
83334,Rancher�a Barlovento,Rural
83334,Rancher�a Basano (Santa Lourdes),Rural
83334,Rancher�a Benito Ju�rez,Rural
83334,Ejido Benito Ju�rez,Rural
83334,Rancher�a Calle Trece,Rural
83334,Rancher�a Campillo (Santa Rosal�a),Rural
83334,Rancher�a Campo Grande (Vi�edos Alta),Rural
83334,Rancher�a Campo Nuevo,Rural
83334,Rancher�a Campo Nuevo (El Capit�n),Rural
83334,Rancher�a Carmen Dolores,Rural
83334,Rancher�a Carolina,Rural
83334,Rancher�a Casa Blanca,Rural
83334,Granja Compa Uno,Rural
83334,Rancher�a Chapacolor,Rural
83334,Rancher�a CIANO,Rural
83334,Rancher�a Costa del Sol,Rural
83334,Ejido Costa Rica,Rural
83334,Rancher�a Crist�bal Col�n,Rural
83334,Rancher�a Cuauht�moc,Rural
83334,Ejido Cumis (Santa Luc�a),Rural
83334,Rancher�a Del Carmen (Las Islas),Rural
83334,Rancher�a Dolores,Rural
83334,Rancher�a El Bura,Rural
83334,Rancher�a El Carrizo (San Isidro),Rural
83334,Rancher�a El Chamizal (Salsipuedes),Rural
83334,Rancher�a San Isidro,Rural
83334,Rancher�a El Desmonte,Rural
83334,Rancher�a El Diecis�is,Rural
83334,Rancher�a El Divisadero,Rural
83334,Rancher�a El Guayabito,Rural
83334,Rancher�a El Mezquite,Rural
83334,Rancher�a El Milagro,Rural
83334,Rancher�a El Molino,Rural
83334,Rancher�a El Nainari,Rural
83334,Rancher�a El Palomar,Rural
83334,Rancher�a El Pinito,Rural
83334,Rancher�a El Porvenir,Rural
83334,Rancher�a El Rojo (El 57),Rural
83334,Rancher�a El Sonot,Rural
83334,Rancher�a El Tecolote,Rural
83334,Rancher�a El Tejab�n,Rural
83334,Rancher�a Escuadr�n Doscientos Uno,Rural
83334,Rancher�a Florida Dos,Rural
83334,Rancher�a Florida Tres,Rural
83334,Rancher�a Maya,Rural
83334,Pueblo Francisco I. Madero,Rural
83334,Granja San Fernando (Norson),Rural
83334,Rancher�a H�rcules Uno,Rural
83334,Rancher�a Hermosillo,Rural
83334,Rancher�a Mar�a Amparo [Agr�cola],Rural
83334,Rancher�a Jacinto L�pez,Rural
83334,Rancher�a Jauja,Rural
83334,Rancher�a Kowi (Santa Isabel),Rural
83334,Rancher�a La Atl�ntida,Rural
83334,Rancher�a Don Miguel (Florida),Rural
83334,Rancher�a La Casita,Rural
83334,Rancher�a La Chira,Rural
83334,Rancher�a La Esperanza,Rural
83334,Rancher�a La Gloria,Rural
83334,Rancher�a La India,Rural
83334,Rancher�a La Inmaculada,Rural
83334,Rancher�a La Joya,Rural
83334,Rancher�a La Laguna (Seis de Marzo),Rural
83334,Rancher�a La Paloma,Rural
83334,Rancher�a La Perseverancia (Los Fumicos),Rural
83334,Rancher�a La Ponderosa,Rural
83334,Granja La Ponderosa [Porcicola],Rural
83334,Rancher�a La Providencia,Rural
83334,Rancher�a La Reforma,Rural
83334,Rancher�a La Tr�cala,Rural
83334,Rancher�a La Yaqui,Rural
83334,Rancher�a Bazano,Rural
83334,Rancher�a Los Alamos,Rural
83334,Rancher�a Los �ngeles,Rural
83334,Rancher�a Los Cuates,Rural
83334,Rancher�a Los Dos Amigos (Las Calvas de Arriba),Rural
83334,Rancher�a Los Guajolotes,Rural
83334,Rancher�a Los Hoyos,Rural
83334,Rancher�a Los Jitos (El Zancudo),Rural
83334,Rancher�a Los Olivos (Olivos),Rural
83334,Rancher�a Los Pavos (La Esperanza),Rural
83334,Rancher�a Los Pocitos,Rural
83334,Ejido Los Pocitos,Rural
83334,Rancher�a Masocoba,Rural
83334,Rancher�a Miguel Hidalgo,Rural
83334,Rancher�a Miguel Lerdo de Tejada (ValPara�so),Rural
83334,Rancher�a Milagro de F�tima,Rural
83334,Rancher�a N�poles,Rural
83334,Rancher�a Nazaret (La Ponderosa),Rural
83334,Rancher�a Nazario Ortiz Garza (Lourdes),Rural
83334,Rancher�a Nigromante,Rural
83334,Rancher�a Orebalma,Rural
83334,Rancher�a El El�ctrico [Campo],Rural
83334,Rancher�a Poza Rica,Rural
83334,Rancher�a Pozo Nuevo,Rural
83334,Rancher�a Puerto Rico,Rural
83334,Rancher�a R�o Blanco,Rural
83334,Rancher�a Rosella,Rural
83334,Rancher�a Sahuaripa Uno,Rural
83334,Rancher�a San Alberto,Rural
83334,Ejido San Alberto,Rural
83334,Rancher�a San Alberto (La 31 de Octubre),Rural
83334,Rancher�a San Bartolo,Rural
83334,Granja San Felipe,Rural
83334,Rancher�a San Fernando,Rural
83334,Rancher�a San Fernando (Nuevo Guadalupe),Rural
83334,Ejido San Francisco,Rural
83334,Rancher�a San Francisco,Rural
83334,Rancher�a San Germ�n,Rural
83334,Rancher�a San Herminio (Los �ngeles),Rural
83334,Rancher�a San Isidro Uno,Rural
83334,Rancher�a San Joaqu�n (Santa Mar�a),Rural
83334,Granja San Jorge,Rural
83334,Rancher�a San Jorge (H�rcules),Rural
83334,Ejido San Jos�,Rural
83334,Rancher�a San Jos�,Rural
83334,Rancher�a San Jos� el Retiro,Rural
83334,Rancher�a San Luis,Rural
83334,Rancher�a San Marcos,Rural
83334,Rancher�a San Mart�n,Rural
83334,Ejido San Mart�n,Rural
83334,Rancher�a San Ram�n,Rural
83334,Rancher�a San Sebasti�n,Rural
83334,Rancher�a San Valent�n,Rural
83334,Rancher�a San Vicente,Rural
83334,Granja Santa Anita,Rural
83334,Rancher�a Santa Cruz,Rural
83334,Rancher�a Santa Emilia,Rural
83334,Rancher�a Santa Fe,Rural
83334,Rancher�a Santa Josefina,Rural
83334,Rancher�a Santa Paulina [Agr�cola],Rural
83334,Rancher�a Santa Margarita,Rural
83334,Rancher�a Santa Mar�a (La Treinta y Uno de Octubre),Rural
83334,Rancher�a Santa M�nica,Rural
83334,Ejido Santa Patricia,Rural
83334,Rancher�a Santa Susana (Chorona),Rural
83334,Rancher�a Santa Zarina,Rural
83334,Rancher�a Santander,Rural
83334,Rancher�a Santo Ni�o,Rural
83334,Rancher�a Sonora Hortalizas y Frutales,Rural
83334,Rancher�a Sonora Sinaloa,Rural
83334,Rancher�a Tehuac�n,Rural
83334,Rancher�a Tepeyac,Rural
83334,Rancher�a TEQSA (Las Polleras),Rural
83334,Rancher�a Terrenate,Rural
83334,Rancher�a Todos Santos,Rural
83334,Rancher�a Uni�n de Cr�dito Agr�cola de Hermosillo,Rural
83334,Rancher�a Venecia,Rural
83334,Rancher�a Villa Luz (El Pocito),Rural
83335,Ejido El Abanico (Santa Luc�a),Rural
83335,Rancher�a Basopa (San Alfonso),Rural
83335,Rancher�a Carlos Zapata Vela,Rural
83335,Granja Centro de Educaci�n y Capacitaci�n el Estero,Rural
83335,Rancher�a C�corit Uno,Rural
83335,Rancher�a Colonia el Para�so,Rural
83335,Condominio Condominios Jacquelynn,Rural
83335,Condominio Condominios Para�so,Rural
83335,Rancher�a Coorit,Rural
83335,Rancher�a DICTUS,Rural
83335,Rancher�a El Crucero (La Treinta y Seis Sur),Rural
83335,Rancher�a El Futuro,Rural
83335,Rancher�a Estero Santa Cruz,Rural
83335,Rancher�a Felizardo Castro,Rural
83335,Rancher�a Francisco Eusebio Kino (Colonia Kino),Rural
83335,Rancher�a La Bonita,Rural
83335,Rancher�a La Palma del Agro,Rural
83335,Rancher�a La Salinera,Rural
83335,Rancher�a Las Jaibas,Rural
83335,Rancher�a Mar�a del Carmen,Rural
83335,Rancher�a Nochitongo,Rural
83335,Rancher�a Maximiliano R. L�pez,Rural
83335,Rancher�a Miguel Alem�n (El Tres),Rural
83335,Rancher�a Mineros de Pilares,Rural
83335,Rancher�a Moctezuma,Rural
83335,Rancher�a Monterrey,Rural
83335,Rancher�a Narciso Mendoza,Rural
83335,Rancher�a Porc�cola Cuauht�moc,Rural
83335,Rancher�a Pozo Loco,Rural
83335,Rancher�a Rancho Cuatro (L�zaro C�rdenas),Rural
83335,Rancher�a San Francisco,Rural
83335,Rancher�a San Ignacio,Rural
83335,Rancher�a San Isidro (Obreg�n),Rural
83335,Rancher�a San Juan (Campo Dos),Rural
83335,Rancher�a San Juan y el Pinito,Rural
83335,Rancher�a San Nicol�s,Rural
83335,Rancher�a San Nicol�s (San Nicol�s de Kino),Rural
83335,Rancher�a San Rafael,Rural
83335,Rancher�a Santa Silvia,Rural
83335,Rancher�a Uruapan (Bomba Negra),Rural
83336,Colonia El Progreso,Rural
83336,Rancher�a A�o Nuevo,Rural
83336,Rancher�a California,Rural
83336,Rancher�a Nuevo Yaquis Desterrados,Rural
83336,Rancher�a Dunas de Kino,Rural
83336,Ejido Ejido Francisco Aispuro (El Apache),Rural
83336,Ejido Ejido Jacinto L�pez,Rural
83336,Rancher�a El Cactus,Rural
83336,Rancher�a El Centavito,Rural
83336,Rancher�a El Chapo,Rural
83336,Rancher�a El Chivimbo,Rural
83336,Rancher�a El Electr�n,Rural
83336,Rancher�a El Palacio de Wayne,Rural
83336,Rancher�a El Ranchito,Rural
83336,Rancher�a El Sahueso,Rural
83336,Rancher�a El Sergio,Rural
83336,Rancher�a El Taconazo,Rural
83336,Rancher�a El Tigre,Rural
83336,Rancher�a Guadalupe,Rural
83336,Rancher�a Joyas de Kino,Rural
83336,Rancher�a Kilowatt,Rural
83336,Rancher�a La Palma,Rural
83336,Rancher�a Los Aguilera,Rural
83336,Rancher�a Los �ngeles,Rural
83336,Rancher�a Los Janos Dos,Rural
83336,Rancher�a Los Janos Uno,Rural
83336,Rancher�a Nueva York,Rural
83336,Rancher�a Oasis de Kino,Rural
83336,Rancher�a Ovi�chic,Rural
83336,Rancher�a Palma Sola,Rural
83336,Rancher�a Perlas de Kino,Rural
83336,Rancher�a Pozo de F�tima (F�tima del Pitic),Rural
83336,Rancher�a Roca Roja,Rural
83336,Ejido Rancho Nuevo,Rural
83336,Rancher�a San Germ�n,Rural
83336,Rancher�a Roca Roja,Rural
83336,Rancher�a Salicornia (Campito),Rural
83336,Rancher�a San Antonio,Rural
83336,Rancher�a San Diego,Rural
83336,Rancher�a San Fernando (Abigahil),Rural
83336,Rancher�a San Ram�n,Rural
83336,Rancher�a Santa Cruz,Rural
83336,Rancher�a Santa Elena,Rural
83336,Rancher�a Santa Rosa,Rural
83337,Rancher�a Punta Chueca,Rural
83337,Rancher�a El Cimarr�n,Rural
83337,Rancher�a El Egipto,Rural
83337,Rancher�a El Puerto de Posada,Rural
83337,Rancher�a El Sacrificio (Televisa),Rural
83337,Rancher�a La Ponderosa (Los Buros),Rural
83337,Rancher�a Los Compadres (Cinco Locos),Rural
83337,Rancher�a Los Paredones,Rural
83337,Rancher�a Noche Buena,Rural
83337,Rancher�a San Miguel,Rural
83338,Rancher�a Cruces (Isla del Tibur�n),Rural
83338,Rancher�a Punta Tormenta (Isla del Tibur�n),Rural
83338,Rancher�a Tecomate (Isla del Tibur�n),Rural
83340,Colonia Bah�a de Kino Centro,Urbano
83342,Colonia Carnavalito,Urbano
83342,Colonia Artesanos,Urbano
83342,Colonia De la Cruz,Urbano
83342,Colonia Las Fuentes,Urbano
83342,Colonia L�zaro C�rdenas,Urbano
83342,Colonia Miguel Hidalgo,Urbano
83343,Fraccionamiento Kino Nuevo,Urbano
83343,Colonia Alcatraz,Urbano
83343,Colonia Mediterr�neo,Urbano
83343,Colonia Primavera,Urbano
83343,Colonia Lomas de Kino,Urbano
83343,Colonia Luis Donaldo Colosio,Urbano
83344,Colonia Miguel Alem�n (La Doce) Centro,Urbano
83346,Fraccionamiento Las Villas del Nogal,Urbano
83346,Colonia Aguayo Porchas,Urbano
83346,Colonia Pueblo Unido,Urbano
83347,Colonia INFONAVIT,Urbano
83347,Colonia Jes�s Garcia,Urbano
83347,Colonia 26 de Octubre,Urbano
83347,Colonia Luis Donaldo Colosio,Urbano
83347,Colonia Guadalupe Victoria,Urbano
83347,Colonia Las Granjas,Urbano
83347,Colonia Manuel J Clouthier,Urbano
83347,Fraccionamiento Residencial La Vendimia,Urbano
83348,Colonia Antonio M�ndez,Urbano
83348,Colonia Las Palmas,Urbano
83348,Colonia L�zaro C�rdenas,Urbano
83348,Colonia Salvador Alvarado,Urbano
83349,Colonia Emiliano Zapata,Urbano
83349,Colonia Insurgentes,Urbano
83349,Colonia Nuevo Triunfo,Urbano
83349,Colonia Nueva Esperanza,Urbano
83350,Rancher�a Chico Rom�n,Rural
83350,Rancher�a El Caculla,Rural
83350,Rancher�a La In�s,Rural
83350,Rancher�a La Navidad,Rural
83350,Rancher�a Los Cuatro,Rural
83350,Rancher�a San Marcial,Rural
83350,Rancher�a Santa Eduwiges,Rural
83350,Rancher�a Santa In�s Dos (Casa Grande),Rural
83350,Rancher�a Santa In�s Dos (Los Pinitos),Rural
83350,Rancher�a Santa In�s Dos (Pozo Nuevo),Rural
83350,Ejido Santa In�s Uno (El Capit�n),Rural
83350,Rancher�a Tomuco,Rural
83353,Rancher�a Agua Caliente,Rural
83353,Rancher�a El Gavil�n,Rural
83353,Rancher�a Coronado,Rural
83353,Rancher�a Cuatro de Octubre,Rural
83353,Rancher�a El Chaparral,Rural
83353,Rancher�a El Chipil�n,Rural
83353,Rancher�a El Jojobal,Rural
83353,Rancher�a Las Bolsas,Rural
83353,Rancher�a Las Tres Puertas,Rural
83353,Rancher�a San Agust�n,Rural
83353,Rancher�a San Juan,Rural
83353,Rancher�a San Luis,Rural
83353,Rancher�a Santa Gertrudiz,Rural
83354,Rancher�a La Esperanza,Rural
83354,Rancher�a El Voltiadero,Rural
83354,Rancher�a La Cana,Rural
83354,Rancher�a La Hediondilla,Rural
83354,Rancher�a Los Ojitos (La Tinajita),Rural
83354,Rancher�a Monte Alto,Rural
83354,Rancher�a Rancho Nuevo,Rural
83354,Rancher�a San Javier,Rural
83354,Rancher�a San Juan,Rural
83354,Rancher�a Santa Amalia,Rural
83355,Rancher�a La Vaca Colorada,Rural
83355,Rancher�a Las Cuevitas,Rural
83355,Ejido Las Cuevitas,Rural
83355,Rancher�a Las Liebres,Rural
83355,Rancher�a Rancho Nuevo,Rural
83355,Rancher�a Tres Pechos,Rural
83356,Rancher�a Bacoachi,Rural
83356,Rancher�a El Salto,Rural
83356,Ejido El Zacat�n,Rural
83356,Rancher�a Guadalupe,Rural
83356,Rancher�a La Esperanza,Rural
83356,Rancher�a La Pirinola,Rural
83356,Rancher�a Las Barajitas (San Juan),Rural
83356,Rancher�a Las Duraznillas,Rural
83356,Rancher�a Las Glorias,Rural
83356,Rancher�a Pozo del Negro,Rural
83356,Rancher�a Pozo del Negro Dos,Rural
83356,Rancher�a San Carlos,Rural
83356,Rancher�a San Isidro Dos,Rural
83356,Rancher�a San Jorge,Rural
83356,Rancher�a San Patricio,Rural
83357,Rancher�a Campo de G�mez,Rural
83357,Rancher�a Cerro Prieto,Rural
83357,Rancher�a Chapala (El Pocito),Rural
83357,Rancher�a Chaveco,Rural
83357,Rancher�a El Carmen,Rural
83357,Rancher�a El Palo Verdal,Rural
83357,Rancher�a El Potrerito (El Potrero de San Francisco),Rural
83357,Rancher�a El Pueblito,Rural
83357,Rancher�a El Tinaco (Campo de G�mez),Rural
83357,Rancher�a La Junta,Rural
83357,Rancher�a La Reforma,Rural
83357,Rancher�a La Tinaja,Rural
83357,Rancher�a Las Cruces,Rural
83357,Rancher�a Mina de Pilares,Rural
83357,Rancher�a Pilares,Rural
83357,Rancher�a Pozo Nuevo,Rural
83357,Rancher�a San Fernando,Rural
83357,Rancher�a San Jos�,Rural
83357,Rancher�a Sayula,Rural
